product_name,price,alink,matched,store_name,brand_name,price_range,rating,sold,platform
Keychron K4 V.2 Hotswappable (Key ENG) ⌨ ขนาด 96% - 100 Keys ‼️ คีย์บอร์ดไร้สาย Bluetooth 🔥🔥🔥,4190,https://shopee.co.th/Keychron-K4-V.2-Hotswappable-(Key-ENG)-⌨-ขนาด-96-100-Keys-‼️-คีย์บอร์ดไร้สาย-Bluetooth-🔥🔥🔥-i.5890399.6896921535?sp_atk=4cf3febd-faf3-40d2-bc4c-ef65c41bb816&xptdk=4cf3febd-faf3-40d2-bc4c-ef65c41bb816,TRUE,hardware_riser,Keychron(คีย์ครอน),"฿4,190",5,112,shopee
Keychron K4V2 คีย์ครอน K4 คีย์บอร์ดไร้สาย Wireless Hot swappable mechanical keyboard,4190,https://shopee.co.th/Keychron-K4V2-คีย์ครอน-K4-คีย์บอร์ดไร้สาย-Wireless-Hot-swappable-mechanical-keyboard-i.476489215.10616415728?sp_atk=211a0ec6-65a5-4aa1-873f-ecdba233e2f4&xptdk=211a0ec6-65a5-4aa1-873f-ecdba233e2f4,TRUE,mechanicpro_official,Keychron(คีย์ครอน),"฿4,190 - ฿4,390",5,64,shopee
Keychron ที่พักข้อมือไม้วอลนัท สําหรับ K2 K4 K6 K8 K10 Q1 Q2,569,https://shopee.co.th/Keychron-ที่พักข้อมือไม้วอลนัท-สําหรับ-K2-K4-K6-K8-K10-Q1-Q2-i.290039395.9316158128?sp_atk=5ac743c8-bd55-4096-adfa-045b90cbf017&xptdk=5ac743c8-bd55-4096-adfa-045b90cbf017,TRUE,kongjianzhan.th,Keychron(คีย์ครอน),฿569,4.8,1.9พัน,shopee
Keychron K4 V.2 Hotswappable (Key ENG) ⌨ ขนาด 96% - 100 Keys ‼️ คีย์บอร์ดไร้สาย Bluetooth,1729,https://shopee.co.th/Keychron-K4-V.2-Hotswappable-(Key-ENG)-⌨-ขนาด-96-100-Keys-‼️-คีย์บอร์ดไร้สาย-Bluetooth-i.913934953.23511000262?sp_atk=9048df2a-1e4d-43c8-a3ad-74e4712f530b&xptdk=9048df2a-1e4d-43c8-a3ad-74e4712f530b,TRUE,h_skwf_p7j,None,"฿1,729",None,0,shopee
[ประกันไทย] [in stock] Keychron K4 V2 คีย์บอร์ด สินค้าถ่ายจากงานจริง % คีย์บอร์ดบลูทูธ แบบไร้สาย - Mode 5 . 1 คีย์ภาษาไ,1364,https://shopee.co.th/-ประกันไทย-in-stock-Keychron-K4-V2-คีย์บอร์ด-สินค้าถ่ายจากงานจริง-คีย์บอร์ดบลูทูธ-แบบไร้สาย-Mode-5-.-1-คีย์ภาษาไ-i.913934953.23510998741?sp_atk=92ade882-5fc2-4485-9f44-9ec04e7c63a0&xptdk=92ade882-5fc2-4485-9f44-9ec04e7c63a0,TRUE,h_skwf_p7j,None,"฿1,364 - ฿3,006",None,0,shopee
Keychron Wooden Palmrest for K4 (Solid wooden palm rest) ไม้รองข้อมือ สำหรับคีย์บอร์ดรุ่น K4,513,https://shopee.co.th/Keychron-Wooden-Palmrest-for-K4-(Solid-wooden-palm-rest)-ไม้รองข้อมือ-สำหรับคีย์บอร์ดรุ่น-K4-i.913932026.22711052482?sp_atk=624b046e-0180-412d-8085-a98dc5518311&xptdk=624b046e-0180-412d-8085-a98dc5518311,TRUE,e9chw8fukg,None,฿513,None,0,shopee
【ของแท้ใหม่】in stockแ Keychron K4 V2พร้อมส่งของแท้💯％ คีย์บอร์ดบลูทูธ แบบไร้สาย - Mode 5 . 1,3280,https://shopee.co.th/【ของแท้ใหม่】in-stockแ-Keychron-K4-V2พร้อมส่งของแท้💯％-คีย์บอร์ดบลูทูธ-แบบไร้สาย-Mode-5-.-1-i.755201256.10394192896?sp_atk=81c1a7c7-a274-4276-9910-672e26b37080&xptdk=81c1a7c7-a274-4276-9910-672e26b37080,TRUE,dsggwe,Keychron(คีย์ครอน),"฿3,280",4.6,1.1พัน,shopee
Keychron K4 Wireless Keyboard Thai (คีย์บอร์ดไร้สายภาษาไทยขนาด 96%),4390,https://shopee.co.th/Keychron-K4-Wireless-Keyboard-Thai-(คีย์บอร์ดไร้สายภาษาไทยขนาด-96-)-i.241119803.3729249856?sp_atk=99f48219-b90c-4d4f-abe9-4d1367811b87&xptdk=99f48219-b90c-4d4f-abe9-4d1367811b87,TRUE,keychronthailand,Keychron(คีย์ครอน),"฿4,390",4.9,2พัน,shopee
ประกันไทย [in stock] Keychron K4 V2 คีย์บอร์ด สินค้าถ่ายจากงานจริง % คีย์บอร์ดบลูทูธ แบบไร้สาย - Mode 5 . 1 คีย์ภาษาไ,1345,https://shopee.co.th/ประกันไทย-in-stock-Keychron-K4-V2-คีย์บอร์ด-สินค้าถ่ายจากงานจริง-คีย์บอร์ดบลูทูธ-แบบไร้สาย-Mode-5-.-1-คีย์ภาษาไ-i.931884308.20370700682?sp_atk=d85ea52c-6b33-42a4-b6ad-157494a49dd4&xptdk=d85ea52c-6b33-42a4-b6ad-157494a49dd4,TRUE,01wpl48exy,None,"฿1,345 - ฿1,493",None,0,shopee
Keychron K4 V2 คีย์บอร์ด Mechanical ไร้สาย  Keychron K4 Wireless Mechanical Keyboard Keychron Optical,1215,https://shopee.co.th/Keychron-K4-V2-คีย์บอร์ด-Mechanical-ไร้สาย-Keychron-K4-Wireless-Mechanical-Keyboard-Keychron-Optical-i.931884308.18170710534?sp_atk=1a542f5c-2407-446c-810c-4d04ee7af9d0&xptdk=1a542f5c-2407-446c-810c-4d04ee7af9d0,TRUE,01wpl48exy,None,"฿1,215 - ฿1,389",None,0,shopee
[ประกันไทย] [in stock] Keychron K4 V2 คีย์บอร์ด สินค้าถ่ายจากงานจริง % คีย์บอร์ดบลูทูธ แบบไร้สาย - Mode 5 . 1 คีย์ภาษาไ,1374,https://shopee.co.th/-ประกันไทย-in-stock-Keychron-K4-V2-คีย์บอร์ด-สินค้าถ่ายจากงานจริง-คีย์บอร์ดบลูทูธ-แบบไร้สาย-Mode-5-.-1-คีย์ภาษาไ-i.915808203.19968755290?sp_atk=54fe70f0-9d26-4f09-b818-16bd594739ec&xptdk=54fe70f0-9d26-4f09-b818-16bd594739ec,TRUE,v416d38dki,None,"฿1,374 - ฿3,015",None,0,shopee
[ประกันไทย] [in stock] Keychron K4 V2 คีย์บอร์ด สินค้าถ่ายจากงานจริง 💯% คีย์บอร์ดบลูทูธ แบบไร้สาย - Mode 5 . 1 คีย์ภาษาไ,2980,https://shopee.co.th/-ประกันไทย-in-stock-Keychron-K4-V2-คีย์บอร์ด-สินค้าถ่ายจากงานจริง-💯-คีย์บอร์ดบลูทูธ-แบบไร้สาย-Mode-5-.-1-คีย์ภาษาไ-i.755196380.15279100635?sp_atk=bb153e09-03c5-4898-9030-a12bdc10976b&xptdk=bb153e09-03c5-4898-9030-a12bdc10976b,TRUE,dfhwegwe,Keychron(คีย์ครอน),"฿2,980",4.4,1.1พัน,shopee
۞▽✺[ประกันไทย] [in stock] Keychron K4 V2 คีย์บอร์ด สินค้าถ่ายจากงานจริง % คีย์บอร์ดบลูทูธ แบบไร้สาย - Mode 5 . 1 คีย์ภาษ,1327,https://shopee.co.th/۞▽✺-ประกันไทย-in-stock-Keychron-K4-V2-คีย์บอร์ด-สินค้าถ่ายจากงานจริง-คีย์บอร์ดบลูทูธ-แบบไร้สาย-Mode-5-.-1-คีย์ภาษ-i.918418108.21968976084?sp_atk=d9b8cc08-b653-42c8-82ab-2d80161e7ae0&xptdk=d9b8cc08-b653-42c8-82ab-2d80161e7ae0,TRUE,c9grwpd9c6,None,"฿1,327 - ฿1,547",None,0,shopee
♣∏✓Keychron K4 hotswap (Key ENG) Mechanical Keyboard คีย์บอร์ดไร้สาย Wireless แท้100% ถูกสุดในโลก,1693,https://shopee.co.th/♣∏✓Keychron-K4-hotswap-(Key-ENG)-Mechanical-Keyboard-คีย์บอร์ดไร้สาย-Wireless-แท้100-ถูกสุดในโลก-i.928352823.21970634223?sp_atk=aeadce2c-ac3b-434f-a19a-7211d5f5be27&xptdk=aeadce2c-ac3b-434f-a19a-7211d5f5be27,TRUE,18fv3khj50,None,"฿1,693 - ฿1,789",None,0,shopee
bfh Keychron K4 A V2บลูทูธไร้สายคีย์บอร์ด W/ สีขาว LED Backlight Gateron Switch แบบมีสาย USB Gaming Keyboard 253,3953,https://shopee.co.th/bfh-Keychron-K4-A-V2บลูทูธไร้สายคีย์บอร์ด-W-สีขาว-LED-Backlight-Gateron-Switch-แบบมีสาย-USB-Gaming-Keyboard-253-i.927936077.22716345455?sp_atk=7bdf31c2-22fd-4cfd-8fe8-62c2b44005f3&xptdk=7bdf31c2-22fd-4cfd-8fe8-62c2b44005f3,TRUE,253f6m1bfh,None,"฿3,953",None,0,shopee
Keychron K4 hotswap (Key ENG) Mechanical Keyboard คีย์บอร์ดไร้สาย Wireless แท้100% ถูกสุดในโลก,1617,https://shopee.co.th/Keychron-K4-hotswap-(Key-ENG)-Mechanical-Keyboard-คีย์บอร์ดไร้สาย-Wireless-แท้100-ถูกสุดในโลก-i.927661263.22716713886?sp_atk=638c0bc5-b827-4e1a-91b1-50361b985b8e&xptdk=638c0bc5-b827-4e1a-91b1-50361b985b8e,TRUE,l62pqwrvjl,None,"฿1,617 - ฿1,706",None,0,shopee
Psy RGB 143 keycaps white pudding double skin milk backlit keycap keychron K4 K6 K8 GASE,1763,https://shopee.co.th/Psy-RGB-143-keycaps-white-pudding-double-skin-milk-backlit-keycap-keychron-K4-K6-K8-GASE-i.926711040.22114389025?sp_atk=116a99d0-c0a6-431b-8fc0-0593e91212ec&xptdk=116a99d0-c0a6-431b-8fc0-0593e91212ec,TRUE,ey4rf4gb3w,None,"฿1,763",None,0,shopee
เคสแป้นพิมพ์ ฝาครอบป้องกันถุงเก็บ for keychron K2 K3 K4 K6 K8 C1 C2 K12 K10 Q1 กระเป๋า carrying case Travel storage bag,494,https://shopee.co.th/เคสแป้นพิมพ์-ฝาครอบป้องกันถุงเก็บ-for-keychron-K2-K3-K4-K6-K8-C1-C2-K12-K10-Q1-กระเป๋า-carrying-case-Travel-storage-bag-i.912630679.19168235309?sp_atk=9f7579ee-a600-4a48-bcc2-93099e98c5b9&xptdk=9f7579ee-a600-4a48-bcc2-93099e98c5b9,TRUE,h35id0za77,None,฿494 - ฿549,None,0,shopee
Keychron K4 V2 คีย์บอร์ด Mechanical ไร้สาย  Keychron K4 Wireless Mechanical Keyboard Keychron Optical,1457,https://shopee.co.th/Keychron-K4-V2-คีย์บอร์ด-Mechanical-ไร้สาย-Keychron-K4-Wireless-Mechanical-Keyboard-Keychron-Optical-i.924395270.22715807522?sp_atk=51f611db-d8cd-46a0-b168-d3a8afa25805&xptdk=51f611db-d8cd-46a0-b168-d3a8afa25805,TRUE,n0rtr6fjeh,None,"฿1,457 - ฿1,706",None,0,shopee
Keychron K4 V2 คีย์บอร์ด Mechanical ไร้สาย  Keychron K4 Wireless Mechanical Keyboard Keychron Optical,1539,https://shopee.co.th/Keychron-K4-V2-คีย์บอร์ด-Mechanical-ไร้สาย-Keychron-K4-Wireless-Mechanical-Keyboard-Keychron-Optical-i.930202122.20371000329?sp_atk=39e04af9-a4a6-4abc-9ab9-3faf40048bd9&xptdk=39e04af9-a4a6-4abc-9ab9-3faf40048bd9,TRUE,g6iyz7iavb,None,"฿1,539 - ฿1,803",None,0,shopee
Keychron K4 V2 คีย์บอร์ด Mechanical ไร้สาย  Keychron K4 Wireless Mechanical Keyboard Keychron Optical,2702,https://shopee.co.th/Keychron-K4-V2-คีย์บอร์ด-Mechanical-ไร้สาย-Keychron-K4-Wireless-Mechanical-Keyboard-Keychron-Optical-i.89308423.12492084238?sp_atk=eb043cc7-c536-4542-9418-894607383755&xptdk=eb043cc7-c536-4542-9418-894607383755,TRUE,champpam123,Keychron(คีย์ครอน),"฿2,702 - ฿3,164",5,37,shopee
Keychron K4 V2 คีย์บอร์ด Mechanical ไร้สาย  Keychron K4 Wireless Mechanical Keyboard Keychron Optical,1553,https://shopee.co.th/Keychron-K4-V2-คีย์บอร์ด-Mechanical-ไร้สาย-Keychron-K4-Wireless-Mechanical-Keyboard-Keychron-Optical-i.924403977.23414667082?sp_atk=19a2bd42-fee7-40e9-ab89-77658bab6e9d&xptdk=19a2bd42-fee7-40e9-ab89-77658bab6e9d,TRUE,clp0io8euh,None,"฿1,553 - ฿1,819",None,0,shopee
"h0v d - s แผ่นรองข้อมือสําหรับคีย์บอร์ด/Keychron keyboard wooden hand rest, suitable for K2/K6, K4, K8 wrist  mzr",341,https://shopee.co.th/h0v-d-s-แผ่นรองข้อมือสําหรับคีย์บอร์ด-Keychron-keyboard-wooden-hand-rest-suitable-for-K2-K6-K4-K8-wrist-mzr-i.928884316.21070309495?sp_atk=ce1ae7da-dc08-407b-96c1-c158ce323862&xptdk=ce1ae7da-dc08-407b-96c1-c158ce323862,TRUE,mzrxch7h0v,None,฿341 - ฿886,None,0,shopee
Keychron K4 V.2 Wireless Hot swappable mechanical Keyboard คีย์บอร์ดไร้สาย ภาษาไทย,4390,https://shopee.co.th/Keychron-K4-V.2-Wireless-Hot-swappable-mechanical-Keyboard-คีย์บอร์ดไร้สาย-ภาษาไทย-i.472321265.19605030427?sp_atk=326c36f8-a436-4298-bf5e-f016bd7adc24&xptdk=326c36f8-a436-4298-bf5e-f016bd7adc24,TRUE,sillicons,Keychron(คีย์ครอน),"฿4,390",5,189,shopee
【กระเป๋าเก็บคีย์บอร์ด】【Keyboard storage bag】ที่ใช้งานได้ Keychron K1 / K2 K4 K6 K8 แป้นพิมพ์เชิงกลการป้องกันการจัดเก็บกร,816,https://shopee.co.th/【กระเป๋าเก็บคีย์บอร์ด】【Keyboard-storage-bag】ที่ใช้งานได้-Keychron-K1-K2-K4-K6-K8-แป้นพิมพ์เชิงกลการป้องกันการจัดเก็บกร-i.915799640.22611416740?sp_atk=d54ca4a3-5b14-4106-a69e-2f7f141d0da8&xptdk=d54ca4a3-5b14-4106-a69e-2f7f141d0da8,TRUE,l9gb0tjfez,None,฿816 - ฿872,None,0,shopee
เคสคีย์บอร์ด 100 คีย์ สําหรับ Keychron K4 RK Royal KLUDGE RK96 90% RK100,489,https://shopee.co.th/เคสคีย์บอร์ด-100-คีย์-สําหรับ-Keychron-K4-RK-Royal-KLUDGE-RK96-90-RK100-i.284377828.22400259421?sp_atk=58623a03-5185-4700-b416-cddbc8725b0c&xptdk=58623a03-5185-4700-b416-cddbc8725b0c,TRUE,geekria.th,None,฿489,4.5,19,shopee
Keychron K4 V2 คีย์บอร์ด Mechanical ไร้สาย  Keychron K4 Wireless Mechanical Keyboard Keychron Optical,1457,https://shopee.co.th/Keychron-K4-V2-คีย์บอร์ด-Mechanical-ไร้สาย-Keychron-K4-Wireless-Mechanical-Keyboard-Keychron-Optical-i.929327109.23816304133?sp_atk=e0bf8af5-0d09-4982-9af3-066708c8403c&xptdk=e0bf8af5-0d09-4982-9af3-066708c8403c,TRUE,5yjbis_r7x,None,"฿1,457 - ฿1,706",None,0,shopee
Keychron K4 V2 คีย์บอร์ด Mechanical ไร้สาย  Keychron K4 Wireless Mechanical Keyboard Keychron Optical,1222,https://shopee.co.th/Keychron-K4-V2-คีย์บอร์ด-Mechanical-ไร้สาย-Keychron-K4-Wireless-Mechanical-Keyboard-Keychron-Optical-i.915799640.23511437309?sp_atk=acf9e4a1-864b-4bb2-a2ab-bd80bd375dbd&xptdk=acf9e4a1-864b-4bb2-a2ab-bd80bd375dbd,TRUE,l9gb0tjfez,None,"฿1,222 - ฿1,400",None,0,shopee
【พร้อมส่งของ】Keychron K4 V2 Wireless Hot swappable mechanical Keyboard คีย์บอร์ดไร้สาย ภาษาไทย แบบไร้สาย - Mode 5 . 1,1639,https://shopee.co.th/【พร้อมส่งของ】Keychron-K4-V2-Wireless-Hot-swappable-mechanical-Keyboard-คีย์บอร์ดไร้สาย-ภาษาไทย-แบบไร้สาย-Mode-5-.-1-i.926608799.22915824999?sp_atk=cb156d9e-b939-4955-8bcf-4e6b0c49039c&xptdk=cb156d9e-b939-4955-8bcf-4e6b0c49039c,TRUE,8i3b0k1o2q,None,"฿1,639 - ฿1,805",None,0,shopee
Keychron K4V2 คีย์ครอน K4 คีย์บอร์ดไร้สาย Wireless Hot swappable mechanical keyboard,1533,https://shopee.co.th/Keychron-K4V2-คีย์ครอน-K4-คีย์บอร์ดไร้สาย-Wireless-Hot-swappable-mechanical-keyboard-i.915801385.20868757852?sp_atk=9e806066-349b-467e-9ed5-002c7f28a3dd&xptdk=9e806066-349b-467e-9ed5-002c7f28a3dd,TRUE,h2vqf64zi6,None,"฿1,533",None,0,shopee
⊙☑✉Keychron K4V2 คีย์ครอน K4 คีย์บอร์ดไร้สาย Wireless Hot swappable mechanical keyboard,1566,https://shopee.co.th/⊙☑✉Keychron-K4V2-คีย์ครอน-K4-คีย์บอร์ดไร้สาย-Wireless-Hot-swappable-mechanical-keyboard-i.926028192.19669832949?sp_atk=a02fb008-4902-4b7b-9499-db65fb6ca829&xptdk=a02fb008-4902-4b7b-9499-db65fb6ca829,TRUE,s_1wasdwo1,None,"฿1,566 - ฿1,806",None,0,shopee
Keychron K4 V2 คีย์บอร์ด Mechanical ไร้สาย  Keychron K4 Wireless Mechanical Keyboard Keychron Optical,1429,https://shopee.co.th/Keychron-K4-V2-คีย์บอร์ด-Mechanical-ไร้สาย-Keychron-K4-Wireless-Mechanical-Keyboard-Keychron-Optical-i.929359328.23817507315?sp_atk=883bc1aa-863d-4e99-a09c-92eecb4851ad&xptdk=883bc1aa-863d-4e99-a09c-92eecb4851ad,TRUE,ddh4ofgujz,None,"฿1,429 - ฿1,674",None,0,shopee
【กระเป๋าเก็บคีย์บอร์ด】【Keyboard storage bag】ที่ใช้งานได้ Keychron K1 / K2 K4 K6 K8 แป้นพิมพ์เชิงกลการป้องกันการจัดเก็บกร,806,https://shopee.co.th/【กระเป๋าเก็บคีย์บอร์ด】【Keyboard-storage-bag】ที่ใช้งานได้-Keychron-K1-K2-K4-K6-K8-แป้นพิมพ์เชิงกลการป้องกันการจัดเก็บกร-i.913927655.18468640723?sp_atk=36d77c16-3101-4796-a65c-18f6f6cb4248&xptdk=36d77c16-3101-4796-a65c-18f6f6cb4248,TRUE,z_e_y_tamr,None,฿806 - ฿863,None,0,shopee
♗Keychron K4 V2 คีย์บอร์ด Mechanical ไร้สาย  Keychron K4 Wireless Mechanical Keyboard Keychron Optical,1233,https://shopee.co.th/♗Keychron-K4-V2-คีย์บอร์ด-Mechanical-ไร้สาย-Keychron-K4-Wireless-Mechanical-Keyboard-Keychron-Optical-i.930812980.23116953818?sp_atk=4add6f69-d794-45f2-b270-df197abc2d80&xptdk=4add6f69-d794-45f2-b270-df197abc2d80,TRUE,t0kkwix2yq,None,"฿1,233 - ฿1,421",None,0,shopee
Keychron Q1/Q3/K1/K2/K3/K4/K6/K7/K8/K12 keyboard bag,488,https://shopee.co.th/Keychron-Q1-Q3-K1-K2-K3-K4-K6-K7-K8-K12-keyboard-bag-i.915789071.23911447418?sp_atk=22a82d64-f2b3-4390-9581-b4f14b1e64f1&xptdk=22a82d64-f2b3-4390-9581-b4f14b1e64f1,TRUE,ohr_c0fvsa,None,฿488 - ฿544,None,0,shopee
[ของแท้ 100%] Keychron K4 แป้นพิมพ์ไร้สาย (เวอร์ชั่น 2) Rgb 100 คีย์อุปกรณ์เสริม 3 อุปกรณ์ Via Abs - สีขาว / Rgb,2474,https://shopee.co.th/-ของแท้-100-Keychron-K4-แป้นพิมพ์ไร้สาย-(เวอร์ชั่น-2)-Rgb-100-คีย์อุปกรณ์เสริม-3-อุปกรณ์-Via-Abs-สีขาว-Rgb-i.929377548.22017263989?sp_atk=312e5eb3-3fe2-45e1-956f-0f20a2659815&xptdk=312e5eb3-3fe2-45e1-956f-0f20a2659815,TRUE,s2lzr7g6xc,None,"฿2,474 - ฿2,990",None,0,shopee
Keychron K4 V2 คีย์บอร์ด Mechanical ไร้สาย  Keychron K4 Wireless Mechanical Keyboard Keychron Optical,1429,https://shopee.co.th/Keychron-K4-V2-คีย์บอร์ด-Mechanical-ไร้สาย-Keychron-K4-Wireless-Mechanical-Keyboard-Keychron-Optical-i.932964950.22217465143?sp_atk=4935b26c-2929-46dd-8ba3-a9ef43d18c81&xptdk=4935b26c-2929-46dd-8ba3-a9ef43d18c81,TRUE,jlmpgp24h7,None,"฿1,429 - ฿1,674",None,0,shopee
Keychron Wooden Palmrest for K4 (Solid wooden palm rest) ไม้รองข้อมือ สำหรับคีย์บอร์ดรุ่น K4,890,https://shopee.co.th/Keychron-Wooden-Palmrest-for-K4-(Solid-wooden-palm-rest)-ไม้รองข้อมือ-สำหรับคีย์บอร์ดรุ่น-K4-i.241119803.6929160011?sp_atk=c0978440-b07b-4fb0-969a-5a947f2b41ae&xptdk=c0978440-b07b-4fb0-969a-5a947f2b41ae,TRUE,keychronthailand,Keychron(คีย์ครอน),฿890,4.9,163,shopee
Keychron K4 V.2 Hotswappable (Key ENG) ⌨ ขนาด 96% - 100 Keys ‼️ คีย์บอร์ดไร้สาย Bluetooth,1706,https://shopee.co.th/Keychron-K4-V.2-Hotswappable-(Key-ENG)-⌨-ขนาด-96-100-Keys-‼️-คีย์บอร์ดไร้สาย-Bluetooth-i.927648288.22116711610?sp_atk=7a1c22de-ec8a-4560-ae82-66c761386eb9&xptdk=7a1c22de-ec8a-4560-ae82-66c761386eb9,TRUE,llu3x7fpjp,None,"฿1,706",None,0,shopee
Keychron K4 V.2 Aluminum RGB Backlight Hot-swappable Dark Grey (TH),4390,https://shopee.co.th/Keychron-K4-V.2-Aluminum-RGB-Backlight-Hot-swappable-Dark-Grey-(TH)-i.75576809.23119015156?sp_atk=87b96813-5360-40a4-984d-5b58fa8ff330&xptdk=87b96813-5360-40a4-984d-5b58fa8ff330,TRUE,pezlato,Keychron(คีย์ครอน),"฿4,390",None,0,shopee
✶Keychron K4V2 คีย์ครอน K4 คีย์บอร์ดไร้สาย Wireless Hot swappable mechanical keyboard,1555,https://shopee.co.th/✶Keychron-K4V2-คีย์ครอน-K4-คีย์บอร์ดไร้สาย-Wireless-Hot-swappable-mechanical-keyboard-i.922238572.18869125580?sp_atk=fa5f5221-d077-4769-b17d-9c6021a9c829&xptdk=fa5f5221-d077-4769-b17d-9c6021a9c829,TRUE,ynhe0m03uj,None,"฿1,555",None,0,shopee
№ஐ✗Keychron K4 V2 คีย์บอร์ด Mechanical ไร้สาย  Keychron K4 Wireless Mechanical Keyboard Keychron Optical,1247,https://shopee.co.th/№ஐ✗Keychron-K4-V2-คีย์บอร์ด-Mechanical-ไร้สาย-Keychron-K4-Wireless-Mechanical-Keyboard-Keychron-Optical-i.930327488.22518815496?sp_atk=96e0d717-1e18-4fb5-9665-e09252d26e3d&xptdk=96e0d717-1e18-4fb5-9665-e09252d26e3d,TRUE,924q5piwn6,None,None,None,None,shopee
【พร้อมส่งของ】Keychron K4 V2 Wireless Hot swappable mechanical Keyboard คีย์บอร์ดไร้สาย ภาษาไทย แบบไร้สาย - Mode 5 . 1,1669,https://shopee.co.th/【พร้อมส่งของ】Keychron-K4-V2-Wireless-Hot-swappable-mechanical-Keyboard-คีย์บอร์ดไร้สาย-ภาษาไทย-แบบไร้สาย-Mode-5-.-1-i.924998541.19470916250?sp_atk=4a8db8ab-8928-4f00-bf8e-e074d15cdb56&xptdk=4a8db8ab-8928-4f00-bf8e-e074d15cdb56,TRUE,xvp9i6z8zm,None,None,None,None,shopee
✚✁【พร้อมส่งของ】Keychron K4 V2 Wireless Hot swappable mechanical Keyboard คีย์บอร์ดไร้สาย ภาษาไทย แบบไร้สาย - Mode 5 . 1,1342,https://shopee.co.th/✚✁【พร้อมส่งของ】Keychron-K4-V2-Wireless-Hot-swappable-mechanical-Keyboard-คีย์บอร์ดไร้สาย-ภาษาไทย-แบบไร้สาย-Mode-5-.-1-i.922661591.20169410569?sp_atk=6fd83dda-4995-425e-b1c5-ee99e272ec4c&xptdk=6fd83dda-4995-425e-b1c5-ee99e272ec4c,TRUE,v1leh4drb2,None,None,None,None,shopee
[ของแท้ 100%] Keychron K4 แป้นพิมพ์ไร้สาย (เวอร์ชั่น 2) Rgb 100 คีย์อุปกรณ์เสริม 3 อุปกรณ์ Via Abs - สีขาว / Rgb,1650,https://shopee.co.th/-ของแท้-100-Keychron-K4-แป้นพิมพ์ไร้สาย-(เวอร์ชั่น-2)-Rgb-100-คีย์อุปกรณ์เสริม-3-อุปกรณ์-Via-Abs-สีขาว-Rgb-i.927058711.22515830481?sp_atk=2facc0c3-d460-4bad-a101-c8029d562588&xptdk=2facc0c3-d460-4bad-a101-c8029d562588,TRUE,lhdwmt0g2i,None,None,None,None,shopee
Keychron K4 V2 คีย์บอร์ด Mechanical ไร้สาย  Keychron K4 Wireless Mechanical Keyboard Keychron Optical,1429,https://shopee.co.th/Keychron-K4-V2-คีย์บอร์ด-Mechanical-ไร้สาย-Keychron-K4-Wireless-Mechanical-Keyboard-Keychron-Optical-i.931337968.22316922392?sp_atk=b200b624-5862-4b1b-a361-39db1da0c117&xptdk=b200b624-5862-4b1b-a361-39db1da0c117,TRUE,aqt9nnev49,None,None,None,None,shopee
[ประกันไทย] [in stock] Keychron K4 V2 คีย์บอร์ด สินค้าถ่ายจากงานจริง % คีย์บอร์ดบลูทูธ แบบไร้สาย - Mode 5 . 1 คีย์ภาษาไ,1550,https://shopee.co.th/-ประกันไทย-in-stock-Keychron-K4-V2-คีย์บอร์ด-สินค้าถ่ายจากงานจริง-คีย์บอร์ดบลูทูธ-แบบไร้สาย-Mode-5-.-1-คีย์ภาษาไ-i.931337968.22816924047?sp_atk=cc6685a7-407d-4c80-82c9-325ddc5f2883&xptdk=cc6685a7-407d-4c80-82c9-325ddc5f2883,TRUE,aqt9nnev49,None,"฿1,550 - ฿1,836",None,0,shopee
【พร้อมส่งของ】Keychron K4 V2 Wireless Hot swappable mechanical Keyboard คีย์บอร์ดไร้สาย ภาษาไทย แบบไร้สาย - Mode 5 . 1,1669,https://shopee.co.th/【พร้อมส่งของ】Keychron-K4-V2-Wireless-Hot-swappable-mechanical-Keyboard-คีย์บอร์ดไร้สาย-ภาษาไทย-แบบไร้สาย-Mode-5-.-1-i.927649819.16991845506?sp_atk=7b7f7ba5-2057-4de4-8f22-d4a2962b82b4&xptdk=7b7f7ba5-2057-4de4-8f22-d4a2962b82b4,TRUE,wsf512jq3h,None,None,None,None,shopee
Keychron K4 V2 คีย์บอร์ด Mechanical ไร้สาย  Keychron K4 Wireless Mechanical Keyboard Keychron Optical,1539,https://shopee.co.th/Keychron-K4-V2-คีย์บอร์ด-Mechanical-ไร้สาย-Keychron-K4-Wireless-Mechanical-Keyboard-Keychron-Optical-i.927649819.22815415543?sp_atk=2ec3b91b-1523-4554-9621-56a14e8ab39b&xptdk=2ec3b91b-1523-4554-9621-56a14e8ab39b,TRUE,wsf512jq3h,None,None,None,None,shopee
【กระเป๋าเก็บคีย์บอร์ด】【Keyboard storage bag】ที่ใช้งานได้ Keychron K1 / K2 K4 K6 K8 แป้นพิมพ์เชิงกลการป้องกันการจัดเก็บกร,794,https://shopee.co.th/【กระเป๋าเก็บคีย์บอร์ด】【Keyboard-storage-bag】ที่ใช้งานได้-Keychron-K1-K2-K4-K6-K8-แป้นพิมพ์เชิงกลการป้องกันการจัดเก็บกร-i.912630679.19968227684?sp_atk=43292f22-94bb-47b9-98e5-44bd4ddd4a6c&xptdk=43292f22-94bb-47b9-98e5-44bd4ddd4a6c,TRUE,h35id0za77,None,฿794 - ฿849,None,0,shopee
♗✈เคสแป้นพิมพ์ ฝาครอบป้องกันถุงเก็บ for keychron K2 K3 K4 K6 K8 C1 C2 K12 K10 Q1 กระเป๋า carrying case Travel storage ba,499,https://shopee.co.th/♗✈เคสแป้นพิมพ์-ฝาครอบป้องกันถุงเก็บ-for-keychron-K2-K3-K4-K6-K8-C1-C2-K12-K10-Q1-กระเป๋า-carrying-case-Travel-storage-ba-i.914631281.21867907406?sp_atk=cc576ebb-6dee-4e21-a943-787b7950e338&xptdk=cc576ebb-6dee-4e21-a943-787b7950e338,TRUE,rcql1w7xsl,None,฿499 - ฿559,None,0,shopee
【กระเป๋าเก็บคีย์บอร์ด】【Keyboard storage bag】ที่ใช้งานได้ Keychron K1 / K2 K4 K6 K8 แป้นพิมพ์เชิงกลการป้องกันการจัดเก็บกร,813,https://shopee.co.th/【กระเป๋าเก็บคีย์บอร์ด】【Keyboard-storage-bag】ที่ใช้งานได้-Keychron-K1-K2-K4-K6-K8-แป้นพิมพ์เชิงกลการป้องกันการจัดเก็บกร-i.932395057.20470711829?sp_atk=bf6daf80-6d5e-47a4-93f9-32cd0e811043&xptdk=bf6daf80-6d5e-47a4-93f9-32cd0e811043,TRUE,u502a7xf0c,None,None,None,None,shopee
【กระเป๋าเก็บคีย์บอร์ด】【Keyboard storage bag】ที่ใช้งานได้ Keychron K1 / K2 K4 K6 K8 แป้นพิมพ์เชิงกลการป้องกันการจัดเก็บกร,835,https://shopee.co.th/【กระเป๋าเก็บคีย์บอร์ด】【Keyboard-storage-bag】ที่ใช้งานได้-Keychron-K1-K2-K4-K6-K8-แป้นพิมพ์เชิงกลการป้องกันการจัดเก็บกร-i.877927612.23812838657?sp_atk=330a2df4-2d5f-45fa-aec1-7ced01427ef7&xptdk=330a2df4-2d5f-45fa-aec1-7ced01427ef7,TRUE,shme6nby33,None,฿835 - ฿890,None,0,shopee
[ประกันไทย] [in stock] Keychron K4 V2 คีย์บอร์ด สินค้าถ่ายจากงานจริง % คีย์บอร์ดบลูทูธ แบบไร้สาย - Mode 5 . 1 คีย์ภาษาไ,1323,https://shopee.co.th/-ประกันไทย-in-stock-Keychron-K4-V2-คีย์บอร์ด-สินค้าถ่ายจากงานจริง-คีย์บอร์ดบลูทูธ-แบบไร้สาย-Mode-5-.-1-คีย์ภาษาไ-i.877927612.18669268330?sp_atk=d916cf47-502a-4ac8-91ee-9ac919ade52c&xptdk=d916cf47-502a-4ac8-91ee-9ac919ade52c,TRUE,shme6nby33,None,"฿1,323 - ฿1,526",None,0,shopee
☃◎◙Keychron K4 V2 คีย์บอร์ด Mechanical ไร้สาย  Keychron K4 Wireless Mechanical Keyboard Keychron Optical,1249,https://shopee.co.th/☃◎◙Keychron-K4-V2-คีย์บอร์ด-Mechanical-ไร้สาย-Keychron-K4-Wireless-Mechanical-Keyboard-Keychron-Optical-i.922661591.21169408290?sp_atk=9bc41ae3-fca7-4b45-b078-2a2406bf68c6&xptdk=9bc41ae3-fca7-4b45-b078-2a2406bf68c6,TRUE,v1leh4drb2,None,None,None,None,shopee
【พร้อมส่งของ】Keychron K4 V2 Wireless Hot swappable mechanical Keyboard คีย์บอร์ดไร้สาย ภาษาไทย แบบไร้สาย - Mode 5 . 1,1550,https://shopee.co.th/【พร้อมส่งของ】Keychron-K4-V2-Wireless-Hot-swappable-mechanical-Keyboard-คีย์บอร์ดไร้สาย-ภาษาไทย-แบบไร้สาย-Mode-5-.-1-i.925506196.21370316439?sp_atk=fba603f1-a035-4af3-9d5d-90c23a5c238b&xptdk=fba603f1-a035-4af3-9d5d-90c23a5c238b,TRUE,cka810d3ao,None,None,None,None,shopee
♠☜✙[ของแท้ 100%] Keychron K4 แป้นพิมพ์ไร้สาย (เวอร์ชั่น 2) Rgb 100 คีย์อุปกรณ์เสริม 3 อุปกรณ์ Via Abs - สีขาว / Rgb,1340,https://shopee.co.th/♠☜✙-ของแท้-100-Keychron-K4-แป้นพิมพ์ไร้สาย-(เวอร์ชั่น-2)-Rgb-100-คีย์อุปกรณ์เสริม-3-อุปกรณ์-Via-Abs-สีขาว-Rgb-i.920608388.18969054954?sp_atk=876cceac-2497-41dc-9273-b47dd78e900a&xptdk=876cceac-2497-41dc-9273-b47dd78e900a,TRUE,0bvvfwerye,None,"฿1,340 - ฿1,636",None,0,shopee
"d - s แผ่นรองข้อมือสําหรับคีย์บอร์ด/Keychron keyboard wooden hand rest, suitable for K2/K6, K4, K8 wrist rest, high-quality walnut",194,https://shopee.co.th/d-s-แผ่นรองข้อมือสําหรับคีย์บอร์ด-Keychron-keyboard-wooden-hand-rest-suitable-for-K2-K6-K4-K8-wrist-rest-high-quality-walnut-i.71761932.1276199622?sp_atk=50334fcd-50c2-4c88-a56f-51a3e6365699&xptdk=50334fcd-50c2-4c88-a56f-51a3e6365699,TRUE,discountstore.th,None,฿194 - ฿244,None,None,shopee
♠Keychron K4 V2 คีย์บอร์ด Mechanical ไร้สาย  Keychron K4 Wireless Mechanical Keyboard Keychron Optical,1695,https://shopee.co.th/♠Keychron-K4-V2-คีย์บอร์ด-Mechanical-ไร้สาย-Keychron-K4-Wireless-Mechanical-Keyboard-Keychron-Optical-i.886218336.21257856632?sp_atk=48820b91-a56b-4292-9696-5ad0b09854fb&xptdk=48820b91-a56b-4292-9696-5ad0b09854fb,TRUE,j3v6rtuq2o,None,"฿1,695 - ฿1,988",None,0,shopee
▦✓☊Keychron K4V2 คีย์ครอน K4 คีย์บอร์ดไร้สาย Wireless Hot swappable mechanical keyboard,1570,https://shopee.co.th/▦✓☊Keychron-K4V2-คีย์ครอน-K4-คีย์บอร์ดไร้สาย-Wireless-Hot-swappable-mechanical-keyboard-i.914169348.17491226927?sp_atk=155d7de2-8e4d-4265-b67a-878c7b45c622&xptdk=155d7de2-8e4d-4265-b67a-878c7b45c622,TRUE,z328257rrs,None,"฿1,570",None,0,shopee
Keychron K4 V2 คีย์บอร์ด Mechanical ไร้สาย  Keychron K4 Wireless Mechanical Keyboard Keychron Optical,1429,https://shopee.co.th/Keychron-K4-V2-คีย์บอร์ด-Mechanical-ไร้สาย-Keychron-K4-Wireless-Mechanical-Keyboard-Keychron-Optical-i.934184098.22718826032?sp_atk=883ffb9c-66f2-4685-9015-06689863fb87&xptdk=883ffb9c-66f2-4685-9015-06689863fb87,TRUE,4xr4lrbsy9,None,"฿1,429 - ฿1,674",None,None,shopee
✁✓☃【พร้อมส่งของ】Keychron K4 V2 Wireless Hot swappable mechanical Keyboard คีย์บอร์ดไร้สาย ภาษาไทย แบบไร้สาย - Mode 5 . 1,1339,https://shopee.co.th/✁✓☃【พร้อมส่งของ】Keychron-K4-V2-Wireless-Hot-swappable-mechanical-Keyboard-คีย์บอร์ดไร้สาย-ภาษาไทย-แบบไร้สาย-Mode-5-.-1-i.937087850.22719261893?sp_atk=600f311f-f737-4ec4-baff-f6ee3db4912d&xptdk=600f311f-f737-4ec4-baff-f6ee3db4912d,TRUE,5zpu6bf51w,None,None,None,None,shopee
☽【พร้อมส่งของ】Keychron K4 V2 Wireless Hot swappable mechanical Keyboard คีย์บอร์ดไร้สาย ภาษาไทย แบบไร้สาย - Mode 5 . 1,1788,https://shopee.co.th/☽【พร้อมส่งของ】Keychron-K4-V2-Wireless-Hot-swappable-mechanical-Keyboard-คีย์บอร์ดไร้สาย-ภาษาไทย-แบบไร้สาย-Mode-5-.-1-i.937066971.23719147885?sp_atk=4f706dff-1c0c-4a9c-9fbd-15da26fb5b6e&xptdk=4f706dff-1c0c-4a9c-9fbd-15da26fb5b6e,TRUE,j557nf334f,None,None,None,None,shopee
Keychron Wooden Palmrest for K4 (Solid wooden palm rest) ไม้รองข้อมือ สำหรับคีย์บอร์ดรุ่น K4,758,https://shopee.co.th/Keychron-Wooden-Palmrest-for-K4-(Solid-wooden-palm-rest)-ไม้รองข้อมือ-สำหรับคีย์บอร์ดรุ่น-K4-i.937630861.18071460233?sp_atk=dd25d3ec-5188-4500-88f0-d56336898cb3&xptdk=dd25d3ec-5188-4500-88f0-d56336898cb3,TRUE,ky116qpf_a,None,None,None,None,shopee
【พร้อมส่งของ】Keychron K4 V2 Wireless Hot swappable mechanical Keyboard คีย์บอร์ดไร้สาย ภาษาไทย แบบไร้สาย - Mode 5 . 1,1550,https://shopee.co.th/【พร้อมส่งของ】Keychron-K4-V2-Wireless-Hot-swappable-mechanical-Keyboard-คีย์บอร์ดไร้สาย-ภาษาไทย-แบบไร้สาย-Mode-5-.-1-i.934183933.23918824196?sp_atk=23a0850c-8ed4-4b62-98cc-d22c2b3e8611&xptdk=23a0850c-8ed4-4b62-98cc-d22c2b3e8611,TRUE,gzojbm6kkj,None,"฿1,550 - ฿1,706",None,0,shopee
✘เคสแป้นพิมพ์ ฝาครอบป้องกันถุงเก็บ for keychron K2 K3 K4 K6 K8 C1 C2 K12 K10 Q1 กระเป๋า carrying case Travel storage bag,468,https://shopee.co.th/✘เคสแป้นพิมพ์-ฝาครอบป้องกันถุงเก็บ-for-keychron-K2-K3-K4-K6-K8-C1-C2-K12-K10-Q1-กระเป๋า-carrying-case-Travel-storage-bag-i.930310899.22018824030?sp_atk=2a22087d-bc5d-4707-a537-5fa751e89204&xptdk=2a22087d-bc5d-4707-a537-5fa751e89204,TRUE,u3o4hncove,None,None,None,None,shopee
﹍Keychron K4 V2 คีย์บอร์ด Mechanical ไร้สาย  Keychron K4 Wireless Mechanical Keyboard Keychron Optical,1243,https://shopee.co.th/﹍Keychron-K4-V2-คีย์บอร์ด-Mechanical-ไร้สาย-Keychron-K4-Wireless-Mechanical-Keyboard-Keychron-Optical-i.927780596.22918358606?sp_atk=094edb94-4747-4729-a953-6f198b3a157a&xptdk=094edb94-4747-4729-a953-6f198b3a157a,TRUE,rmue3_4k9s,None,None,None,None,shopee
⊕∋Keychron K4 V2 คีย์บอร์ด Mechanical ไร้สาย  Keychron K4 Wireless Mechanical Keyboard Keychron Optical,1649,https://shopee.co.th/⊕∋Keychron-K4-V2-คีย์บอร์ด-Mechanical-ไร้สาย-Keychron-K4-Wireless-Mechanical-Keyboard-Keychron-Optical-i.937072281.10598906272?sp_atk=35b3111e-cee0-4274-92b5-3b73634baa56&xptdk=35b3111e-cee0-4274-92b5-3b73634baa56,TRUE,qcgulab0aw,None,None,None,None,shopee
【พร้อมส่งของ】Keychron K4 V2 Wireless Hot swappable mechanical Keyboard คีย์บอร์ดไร้สาย ภาษาไทย แบบไร้สาย - Mode 5 . 1,1669,https://shopee.co.th/【พร้อมส่งของ】Keychron-K4-V2-Wireless-Hot-swappable-mechanical-Keyboard-คีย์บอร์ดไร้สาย-ภาษาไทย-แบบไร้สาย-Mode-5-.-1-i.930197911.22617744671?sp_atk=a8beea12-0ab6-490f-b166-99db833b13b8&xptdk=a8beea12-0ab6-490f-b166-99db833b13b8,TRUE,hyhttubiav,None,"฿1,669 - ฿1,837",None,0,shopee
Psy RGB 143 keycaps white pudding double skin milk backlit keycap keychron K4 K6 K8 J4NN,1739,https://shopee.co.th/Psy-RGB-143-keycaps-white-pudding-double-skin-milk-backlit-keycap-keychron-K4-K6-K8-J4NN-i.935282167.17392170120?sp_atk=b98cbee8-77b5-4048-aa15-06a8ff14baca&xptdk=b98cbee8-77b5-4048-aa15-06a8ff14baca,TRUE,f16k8te1p6,None,None,None,None,shopee
【พร้อมส่งของ】Keychron K4 V2 Wireless Hot swappable mechanical Keyboard คีย์บอร์ดไร้สาย ภาษาไทย แบบไร้สาย - Mode 5 . 1,1610,https://shopee.co.th/【พร้อมส่งของ】Keychron-K4-V2-Wireless-Hot-swappable-mechanical-Keyboard-คีย์บอร์ดไร้สาย-ภาษาไทย-แบบไร้สาย-Mode-5-.-1-i.930688712.23818087419?sp_atk=f3eb05da-d035-468a-8287-c1f2c111bb4d&xptdk=f3eb05da-d035-468a-8287-c1f2c111bb4d,TRUE,i1addv8ptw,None,None,None,None,shopee
5d7 Keychron Q1/Q3/K1/K2/K3/K4/K6/K7/K8/K12 keyboard bag zaa,1178,https://shopee.co.th/5d7-Keychron-Q1-Q3-K1-K2-K3-K4-K6-K7-K8-K12-keyboard-bag-zaa-i.924944607.23213545222?sp_atk=78c9ada0-b3d5-46f4-8a91-1eacc01f3253&xptdk=78c9ada0-b3d5-46f4-8a91-1eacc01f3253,TRUE,zaa9dbp5d7,None,None,None,None,shopee
Keychron K4V2 คีย์ครอน K4 คีย์บอร์ดไร้สาย Wireless Hot swappable mechanical keyboard,1534,https://shopee.co.th/Keychron-K4V2-คีย์ครอน-K4-คีย์บอร์ดไร้สาย-Wireless-Hot-swappable-mechanical-keyboard-i.877915896.18269269852?sp_atk=c8634555-7033-49ac-b31b-97fcf93a7c5e&xptdk=c8634555-7033-49ac-b31b-97fcf93a7c5e,TRUE,fppt4kf1xd,None,"฿1,534",None,0,shopee
Keychron K4 V2 คีย์บอร์ด Mechanical ไร้สาย  Keychron K4 Wireless Mechanical Keyboard Keychron Optical,1213,https://shopee.co.th/Keychron-K4-V2-คีย์บอร์ด-Mechanical-ไร้สาย-Keychron-K4-Wireless-Mechanical-Keyboard-Keychron-Optical-i.913927655.23611039930?sp_atk=c5159478-4b6f-4397-ab40-f6262077cd1c&xptdk=c5159478-4b6f-4397-ab40-f6262077cd1c,TRUE,z_e_y_tamr,None,"฿1,213 - ฿1,390",None,0,shopee
[ประกันไทย] [in stock] Keychron K4 V2 คีย์บอร์ด สินค้าถ่ายจากงานจริง % คีย์บอร์ดบลูทูธ แบบไร้สาย - Mode 5 . 1 คีย์ภาษาไ,1580,https://shopee.co.th/-ประกันไทย-in-stock-Keychron-K4-V2-คีย์บอร์ด-สินค้าถ่ายจากงานจริง-คีย์บอร์ดบลูทูธ-แบบไร้สาย-Mode-5-.-1-คีย์ภาษาไ-i.927117342.19370498531?sp_atk=3998f330-4f9c-4cf6-9bfe-3f135440d2cb&xptdk=3998f330-4f9c-4cf6-9bfe-3f135440d2cb,TRUE,11744qpthk,None,"฿1,580 - ฿1,871",None,0,shopee
Foam Plate (Mute Foam) for Keychron K2 K4 K6 K 8 and other Mechanical Keyboard by L+M Keyboard,275,https://shopee.co.th/Foam-Plate-(Mute-Foam)-for-Keychron-K2-K4-K6-K-8-and-other-Mechanical-Keyboard-by-L-M-Keyboard-i.52688154.4490936658?sp_atk=740ab2df-8b92-46d1-b34e-ce2c747ac32c&xptdk=740ab2df-8b92-46d1-b34e-ce2c747ac32c,TRUE,lmkeyboard,None,None,None,None,shopee
ประกันไทย [in stock] Keychron K4 V2 คีย์บอร์ด สินค้าถ่ายจากงานจริง % คีย์บอร์ดบลูทูธ แบบไร้สาย - Mode 5 . 1 คีย์ภาษาไ,1282,https://shopee.co.th/ประกันไทย-in-stock-Keychron-K4-V2-คีย์บอร์ด-สินค้าถ่ายจากงานจริง-คีย์บอร์ดบลูทูธ-แบบไร้สาย-Mode-5-.-1-คีย์ภาษาไ-i.887912062.21461001426?sp_atk=98e9d17a-2b88-4873-ac88-9b00c5219a58&xptdk=98e9d17a-2b88-4873-ac88-9b00c5219a58,TRUE,hzac0vnqgh,None,"฿1,282 - ฿1,422",None,0,shopee
Keychron K4 hotswap (Key ENG) Mechanical Keyboard คีย์บอร์ดไร้สาย Wireless แท้100% ถูกสุดในโลก,1715,https://shopee.co.th/Keychron-K4-hotswap-(Key-ENG)-Mechanical-Keyboard-คีย์บอร์ดไร้สาย-Wireless-แท้100-ถูกสุดในโลก-i.926989902.18369880419?sp_atk=30304ffd-2770-4265-b0a4-543438de439a&xptdk=30304ffd-2770-4265-b0a4-543438de439a,TRUE,pgvksys02i,None,"฿1,715 - ฿1,931",None,0,shopee
﹍【กระเป๋าเก็บคีย์บอร์ด】【Keyboard storage bag】ที่ใช้งานได้ Keychron K1 / K2 K4 K6 K8 แป้นพิมพ์เชิงกลการป้องกันการจัดเก็บก,624,https://shopee.co.th/﹍【กระเป๋าเก็บคีย์บอร์ด】【Keyboard-storage-bag】ที่ใช้งานได้-Keychron-K1-K2-K4-K6-K8-แป้นพิมพ์เชิงกลการป้องกันการจัดเก็บก-i.533332122.12929217023?sp_atk=27fede94-3c8a-408d-a4eb-4476b3a37f1b&xptdk=27fede94-3c8a-408d-a4eb-4476b3a37f1b,TRUE,phirisa.20,None,None,None,None,shopee
Keychron คีย์บอร์ดไร้สาย รุ่น K4 V.2 Wireless Hotswap Mechanical Keyboard TH,2010,https://shopee.co.th/Keychron-คีย์บอร์ดไร้สาย-รุ่น-K4-V.2-Wireless-Hotswap-Mechanical-Keyboard-TH-i.872898193.20850886059?sp_atk=d7871b02-c079-4e7b-ac64-ce4959e9e4f6&xptdk=d7871b02-c079-4e7b-ac64-ce4959e9e4f6,TRUE,adkk22ubfo,None,"฿2,010",None,0,shopee
Keychron K4 V2 คีย์บอร์ด Mechanical ไร้สาย  Keychron K4 Wireless Mechanical Keyboard Keychron Optical,1601,https://shopee.co.th/Keychron-K4-V2-คีย์บอร์ด-Mechanical-ไร้สาย-Keychron-K4-Wireless-Mechanical-Keyboard-Keychron-Optical-i.866564830.19948259151?sp_atk=0f20b646-8511-4a98-b470-58eb7dbe64db&xptdk=0f20b646-8511-4a98-b470-58eb7dbe64db,TRUE,aeh_zmeu6u,None,None,None,None,shopee
Keychron K4 V2 คีย์บอร์ด Mechanical ไร้สาย  Keychron K4 Wireless Mechanical Keyboard Keychron Optical,1258,https://shopee.co.th/Keychron-K4-V2-คีย์บอร์ด-Mechanical-ไร้สาย-Keychron-K4-Wireless-Mechanical-Keyboard-Keychron-Optical-i.878337081.18553614627?sp_atk=871946eb-10ad-4fa1-9217-5966d873d117&xptdk=871946eb-10ad-4fa1-9217-5966d873d117,TRUE,rxxbnh2kgo,None,None,None,None,shopee
Keychron K4 V2 คีย์บอร์ด Mechanical ไร้สาย  Keychron K4 Wireless Mechanical Keyboard Keychron Optical,1503,https://shopee.co.th/Keychron-K4-V2-คีย์บอร์ด-Mechanical-ไร้สาย-Keychron-K4-Wireless-Mechanical-Keyboard-Keychron-Optical-i.916497069.22710038921?sp_atk=9607d792-c903-4541-8645-91652528ed35&xptdk=9607d792-c903-4541-8645-91652528ed35,TRUE,kviowni_9v,None,None,None,None,shopee
Keychron K4 V.2 Hotswappable (Key ENG) ⌨ ขนาด 96% - 100 Keys ‼️ คีย์บอร์ดไร้สาย Bluetooth,2495,https://shopee.co.th/Keychron-K4-V.2-Hotswappable-(Key-ENG)-⌨-ขนาด-96-100-Keys-‼️-คีย์บอร์ดไร้สาย-Bluetooth-i.862388231.20844928576?sp_atk=80c50831-8659-41d0-baa8-58c0fa97a7f9&xptdk=80c50831-8659-41d0-baa8-58c0fa97a7f9,TRUE,2d5s37vgex,None,None,None,None,shopee
ประกันไทย [in stock] Keychron K4 V2 คีย์บอร์ด สินค้าถ่ายจากงานจริง % คีย์บอร์ดบลูทูธ แบบไร้สาย - Mode 5 . 1 คีย์ภาษาไ,1415,https://shopee.co.th/ประกันไทย-in-stock-Keychron-K4-V2-คีย์บอร์ด-สินค้าถ่ายจากงานจริง-คีย์บอร์ดบลูทูธ-แบบไร้สาย-Mode-5-.-1-คีย์ภาษาไ-i.927001386.23814558103?sp_atk=5dc034e4-eefb-481f-be93-816daf4c8edf&xptdk=5dc034e4-eefb-481f-be93-816daf4c8edf,TRUE,2vsdqmvdh2,None,"฿1,415 - ฿1,575",None,0,shopee
【พร้อมส่งของ】Keychron K4 V2 Wireless Hot swappable mechanical Keyboard คีย์บอร์ดไร้สาย ภาษาไทย แบบไร้สาย - Mode 5 . 1,1367,https://shopee.co.th/【พร้อมส่งของ】Keychron-K4-V2-Wireless-Hot-swappable-mechanical-Keyboard-คีย์บอร์ดไร้สาย-ภาษาไทย-แบบไร้สาย-Mode-5-.-1-i.927001386.23014585536?sp_atk=0c6d795a-b539-4657-ae00-3cd5d198308c&xptdk=0c6d795a-b539-4657-ae00-3cd5d198308c,TRUE,2vsdqmvdh2,None,None,None,None,shopee
Keychron K4 V2 คีย์บอร์ด Mechanical ไร้สาย  Keychron K4 Wireless Mechanical Keyboard Keychron Optical,1227,https://shopee.co.th/Keychron-K4-V2-คีย์บอร์ด-Mechanical-ไร้สาย-Keychron-K4-Wireless-Mechanical-Keyboard-Keychron-Optical-i.916415552.23911946241?sp_atk=92dcb687-0c32-4c65-9c11-638c66ae447a&xptdk=92dcb687-0c32-4c65-9c11-638c66ae447a,TRUE,8nvhcknapt,None,"฿1,227 - ฿1,405",None,0,shopee
ประกันไทย [in stock] Keychron K4 V2 คีย์บอร์ด สินค้าถ่ายจากงานจริง % คีย์บอร์ดบลูทูธ แบบไร้สาย - Mode 5 . 1 คีย์ภาษาไ,1778,https://shopee.co.th/ประกันไทย-in-stock-Keychron-K4-V2-คีย์บอร์ด-สินค้าถ่ายจากงานจริง-คีย์บอร์ดบลูทูธ-แบบไร้สาย-Mode-5-.-1-คีย์ภาษาไ-i.868266941.18048650793?sp_atk=acf1a8aa-8830-474d-be68-73dc6dc9ce88&xptdk=acf1a8aa-8830-474d-be68-73dc6dc9ce88,TRUE,pru83n43lp,None,"฿1,778 - ฿2,007",None,0,shopee
ประกันไทย [in stock] Keychron K4 V2 คีย์บอร์ด สินค้าถ่ายจากงานจริง % คีย์บอร์ดบลูทูธ แบบไร้สาย - Mode 5 . 1 คีย์ภาษาไ,1431,https://shopee.co.th/ประกันไทย-in-stock-Keychron-K4-V2-คีย์บอร์ด-สินค้าถ่ายจากงานจริง-คีย์บอร์ดบลูทูธ-แบบไร้สาย-Mode-5-.-1-คีย์ภาษาไ-i.892455244.21463271799?sp_atk=aaf918f5-8909-47b0-8905-108b3d59b953&xptdk=aaf918f5-8909-47b0-8905-108b3d59b953,TRUE,uxiz3v46xm,None,None,None,None,shopee
Keychron K4 V2 คีย์บอร์ด Mechanical ไร้สาย  Keychron K4 Wireless Mechanical Keyboard Keychron Optical,1475,https://shopee.co.th/Keychron-K4-V2-คีย์บอร์ด-Mechanical-ไร้สาย-Keychron-K4-Wireless-Mechanical-Keyboard-Keychron-Optical-i.918223597.18668239992?sp_atk=8cc3e0e7-e0e7-43f9-8e2e-08eb9927f888&xptdk=8cc3e0e7-e0e7-43f9-8e2e-08eb9927f888,TRUE,6n2h982nta,None,None,None,None,shopee
ประกันไทย [in stock] Keychron K4 V2 คีย์บอร์ด สินค้าถ่ายจากงานจริง % คีย์บอร์ดบลูทูธ แบบไร้สาย - Mode 5 . 1 คีย์ภาษาไ,1737,https://shopee.co.th/ประกันไทย-in-stock-Keychron-K4-V2-คีย์บอร์ด-สินค้าถ่ายจากงานจริง-คีย์บอร์ดบลูทูธ-แบบไร้สาย-Mode-5-.-1-คีย์ภาษาไ-i.866506400.19347873326?sp_atk=a5630feb-4599-42cf-8d02-866de5479326&xptdk=a5630feb-4599-42cf-8d02-866de5479326,TRUE,kun7s_dya_,None,None,None,None,shopee
Keychron K4 V.2 Wireless Hot swappable mechanical Keyboard คีย์บอร์ดไร้สาย ภาษาไทย,2078,https://shopee.co.th/Keychron-K4-V.2-Wireless-Hot-swappable-mechanical-Keyboard-คีย์บอร์ดไร้สาย-ภาษาไทย-i.877843996.15493755545?sp_atk=a3417ba8-8816-4d3b-bb72-531cafe3f726&xptdk=a3417ba8-8816-4d3b-bb72-531cafe3f726,TRUE,hbz8xt2arv,None,None,None,None,shopee
✥❧♈เคสแป้นพิมพ์ ฝาครอบป้องกันถุงเก็บ for keychron K2 K3 K4 K6 K8 C1 C2 K12 K10 Q1 กระเป๋า carrying case Travel storage b,478,https://shopee.co.th/✥❧♈เคสแป้นพิมพ์-ฝาครอบป้องกันถุงเก็บ-for-keychron-K2-K3-K4-K6-K8-C1-C2-K12-K10-Q1-กระเป๋า-carrying-case-Travel-storage-b-i.909755349.20166492512?sp_atk=7a996dc5-66e0-44aa-8f36-3a7b671a1121&xptdk=7a996dc5-66e0-44aa-8f36-3a7b671a1121,TRUE,rbeqqqtnx3,None,None,None,None,shopee
Keychron K4 V2 คีย์บอร์ด Mechanical ไร้สาย  Keychron K4 Wireless Mechanical Keyboard Keychron Optical,1503,https://shopee.co.th/Keychron-K4-V2-คีย์บอร์ด-Mechanical-ไร้สาย-Keychron-K4-Wireless-Mechanical-Keyboard-Keychron-Optical-i.909826785.19366147229?sp_atk=1d6dde47-f31a-4903-a1c6-ac0daa65a767&xptdk=1d6dde47-f31a-4903-a1c6-ac0daa65a767,TRUE,vjq9qx_4cz,None,None,None,None,shopee
Keychron K4 V2 คีย์บอร์ด Mechanical ไร้สาย  Keychron K4 Wireless Mechanical Keyboard Keychron Optical,1566,https://shopee.co.th/Keychron-K4-V2-คีย์บอร์ด-Mechanical-ไร้สาย-Keychron-K4-Wireless-Mechanical-Keyboard-Keychron-Optical-i.870249994.16787219907?sp_atk=dad2467a-a497-428a-ae7b-6130c623e67f&xptdk=dad2467a-a497-428a-ae7b-6130c623e67f,TRUE,quzx01ez76,None,"฿1,566 - ฿1,838",None,0,shopee
☼✶Keychron K4V2 คีย์ครอน K4 คีย์บอร์ดไร้สาย Wireless Hot swappable mechanical keyboard,1555,https://shopee.co.th/☼✶Keychron-K4V2-คีย์ครอน-K4-คีย์บอร์ดไร้สาย-Wireless-Hot-swappable-mechanical-keyboard-i.914103001.19967887917?sp_atk=ec6149ba-3424-4a8a-ae93-6ddcff6a1366&xptdk=ec6149ba-3424-4a8a-ae93-6ddcff6a1366,TRUE,05nq8bnw5t,None,None,None,None,shopee
❣✘[ประกันไทย] [in stock] Keychron K4 V2 คีย์บอร์ด สินค้าถ่ายจากงานจริง % คีย์บอร์ดบลูทูธ แบบไร้สาย - Mode 5 . 1 คีย์ภาษา,1352,https://shopee.co.th/❣✘-ประกันไทย-in-stock-Keychron-K4-V2-คีย์บอร์ด-สินค้าถ่ายจากงานจริง-คีย์บอร์ดบลูทูธ-แบบไร้สาย-Mode-5-.-1-คีย์ภาษา-i.914635312.18267903267?sp_atk=7f35614a-7b63-4229-99ef-ab668b712623&xptdk=7f35614a-7b63-4229-99ef-ab668b712623,TRUE,zd4rykw42u,None,None,None,None,shopee
❣Keychron K4 V2 คีย์บอร์ด Mechanical ไร้สาย  Keychron K4 Wireless Mechanical Keyboard Keychron Optical,1252,https://shopee.co.th/❣Keychron-K4-V2-คีย์บอร์ด-Mechanical-ไร้สาย-Keychron-K4-Wireless-Mechanical-Keyboard-Keychron-Optical-i.914637497.20767900645?sp_atk=1b80b481-4dce-4590-b1dc-6bb3f09571e7&xptdk=1b80b481-4dce-4590-b1dc-6bb3f09571e7,TRUE,7mrctnc76n,None,None,None,None,shopee
"Keychron Wooden Palm rest ของแท้ 100% ที่รองข้อมือแป้นพิมพ์ แบบไม้ สำหรับ K2,K6,K3,K4,K8,K10,K7,C1,C2",669,https://shopee.co.th/Keychron-Wooden-Palm-rest-ของแท้-100-ที่รองข้อมือแป้นพิมพ์-แบบไม้-สำหรับ-K2-K6-K3-K4-K8-K10-K7-C1-C2-i.16128653.2995602092?sp_atk=1b2a4d96-0348-4b38-a9a0-a2bd00b391f4&xptdk=1b2a4d96-0348-4b38-a9a0-a2bd00b391f4,TRUE,0812345142shop,None,฿669 - ฿699,None,None,shopee
【ของแท้ใหม่】in stockแ Keychron K4 V2พร้อมส่งของแท้％ คีย์บอร์ดบลูทูธ แบบไร้สาย - Mode 5 . 1,1310,https://shopee.co.th/【ของแท้ใหม่】in-stockแ-Keychron-K4-V2พร้อมส่งของแท้％-คีย์บอร์ดบลูทูธ-แบบไร้สาย-Mode-5-.-1-i.885554783.19958749694?sp_atk=d5f530d1-8433-4b64-bcb5-2c26aee91f1f&xptdk=d5f530d1-8433-4b64-bcb5-2c26aee91f1f,TRUE,sa5ywz9in6,None,"฿1,310 - ฿1,760",None,0,shopee
