product_name,price,sold,store_name,brand_name,specification,platform,alink,search
Keychron K4 Wireless Keyboard Thai (คีย์บอร์ดไร้สายภาษาไทยขนาด 96%),4390.0,792.0,Keychron,Keychron,Dark Gray,lazada,https://www.lazada.co.th/products/keychron-k4-wireless-keyboard-thai-96-i764908220.html,keychron k4
Keychron K4 hotswap (Key ENG) Mechanical Keyboard คีย์บอร์ดไร้สาย Wireless แท้100% ถูกสุดในโลก,3799.0,,BIGPENGUIN,No Brand,Aluminium -Dark Grey,lazada,https://www.lazada.co.th/products/keychron-k4-hotswap-key-eng-mechanical-keyboard-wireless-100-i4025624141.html,keychron k4
Keychron K4 G V2บลูทูธไร้สายคีย์บอร์ดแบบกลไก W/สีขาว Backlight Hot-Swappable Switch การเล่นเกม USB แบบมีสายแป้นพิมพ์,3599.0,,Keychron dealer,Keychron,Blue,lazada,https://www.lazada.co.th/products/keychron-k4-g-v2-w-backlight-hot-swappable-switch-usb-i2412187148.html,keychron k4
[ประกันไทย] [in stock] Keychron K4 V2 คีย์บอร์ด สินค้าถ่ายจากงานจริง 💯% คีย์บอร์ดบลูทูธ แบบไร้สาย - Mode 5 . 1 คีย์ภาษาไทย,3150.0,67.0,gMPrbXQX,No Brand,Red switch-K4 RGB,lazada,https://www.lazada.co.th/products/in-stock-keychron-k4-v2-mode-5-1-i4019688539.html,keychron k4
Keychron K4 V2  เอฟเฟกต์แสงหลายโหมดแบบคู่ คีย์บอร์ดบลูทูธ แบบไร้สาย - Mode 5 . 1  ของใหม่แท้💯%,3150.0,139.0,cc Key Shop,No Brand,Brown switch-K4 LED,lazada,https://www.lazada.co.th/products/keychron-k4-v2-mode-5-1-i3592149430.html,keychron k4
【พร้อมส่งของแท้100%】Keychron K4 V2 คีย์บอร์ดไร้สาย บลูทูธ 5.1 RGB Wireless mechanical keyboard โหมดคู่ เอฟเฟคไฟหลายแบบ,3140.0,56.0,LL earphone shop,No Brand,Blue switch-K4 RGB,lazada,https://www.lazada.co.th/products/100keychron-k4-v2-51-rgb-wireless-mechanical-keyboard-i3996390597.html,keychron k4
Keychron K4 V.2 Aluminum RGB Backlight Hot-swappable Dark Grey (TH),4390.0,,Pezlato,Keychron,Brown SW,lazada,https://www.lazada.co.th/products/keychron-k4-v2-aluminum-rgb-backlight-hot-swappable-dark-grey-th-i4369900335.html,keychron k4
Keychron K4 J V2บลูทูธไร้สายคีย์บอร์ด RGB Backlight Hot-Swap Switch กรอบอลูมิเนียมแบบมีสาย USB Gaming Keyboard,8821.0,,lan.g,No Brand,Brown Switches,lazada,https://www.lazada.co.th/products/keychron-k4-j-v2-rgb-backlight-hot-swap-switch-usb-gaming-keyboard-i4202157115.html,keychron k4
Keychron K4กรัม V2บลูทูธคีย์บอร์ดไร้สายวิศวกรรม W/ แสงไฟสีขาวร้อนถอดเปลี่ยนได้สวิทช์สาย USB คีย์บอร์ดเกม,7336.0,,lan.g,No Brand,Red Switches,lazada,https://www.lazada.co.th/products/keychron-k4-v2-w-usb-i4201932593.html,keychron k4
Keychron K4 H V2บลูทูธคีย์บอร์ดไร้สาย W/rgb Backlight Hot-Swappable Switch แบบมีสาย USB Gaming Keyboard,6655.0,,jAtiuh82,No Brand,Red Switches,lazada,https://www.lazada.co.th/products/keychron-k4-h-v2-wrgb-backlight-hot-swappable-switch-usb-gaming-keyboard-i4111494977.html,keychron k4
Keychron K4 B V2บลูทูธไร้สายคีย์บอร์ด W/rgb Backlight Gateron Switch คีย์บอร์ด USB Gaming,6107.0,,jAtiuh82,No Brand,Brown Switches,lazada,https://www.lazada.co.th/products/keychron-k4-b-v2-wrgb-backlight-gateron-switch-usb-gaming-i4111491975.html,keychron k4
Keychron K4 A V2บลูทูธไร้สายคีย์บอร์ด W/ สีขาว LED Backlight Gateron Switch แบบมีสาย USB Gaming Keyboard,5558.0,,jAtiuh82,No Brand,Brown Switches,lazada,https://www.lazada.co.th/products/keychron-k4-a-v2-w-led-backlight-gateron-switch-usb-gaming-keyboard-i4111483650.html,keychron k4
Keychron K4กรัม V2บลูทูธคีย์บอร์ดไร้สายวิศวกรรม W/ แสงไฟสีขาวร้อนถอดเปลี่ยนได้สวิทช์สาย USB คีย์บอร์ดเกม,6107.0,,jAtiuh82,No Brand,Red Switches,lazada,https://www.lazada.co.th/products/keychron-k4-v2-w-usb-i4111334957.html,keychron k4
Keychron K4 A V2บลูทูธไร้สายคีย์บอร์ด W/ สีขาว LED Backlight Gateron Switch แบบมีสาย USB Gaming Keyboard,6066.0,,zcheaz Shop,No Brand,Blue Switches,lazada,https://www.lazada.co.th/products/keychron-k4-a-v2-w-led-backlight-gateron-switch-usb-gaming-keyboard-i4153081634.html,keychron k4
Keychron K4 J V2บลูทูธไร้สายคีย์บอร์ด RGB Backlight Hot-Swap Switch กรอบอลูมิเนียมแบบมีสาย USB Gaming Keyboard,8092.0,,zcheaz Shop,No Brand,Brown Switches,lazada,https://www.lazada.co.th/products/keychron-k4-j-v2-rgb-backlight-hot-swap-switch-usb-gaming-keyboard-i4152979693.html,keychron k4
Original Keychron K4 V2 100คีย์บลูทูธไร้สายคีย์บอร์ด RGB Backlight Hot-Swap Switch แบบมีสาย USB Gaming Keyboardd,3517.0,,Gamer Sky,Keychron,K4H RGB  - Hotswap,lazada,https://www.lazada.co.th/products/original-keychron-k4-v2-100-rgb-backlight-hot-swap-switch-usb-gaming-keyboardd-i3682052011.html,keychron k4
"Keychron K4 B V2แป้นพิมพ์บลูทูธไร้สายพร้อมไฟแบ็คไลท์ RGB,คีย์บอร์ดเล่นเกมมีสาย USB",3399.0,,Keychron dealer,Keychron,Red,lazada,https://www.lazada.co.th/products/keychron-k4-b-v2-rgb-usb-i3587794422.html,keychron k4
Keychron K4 H V2บลูทูธไร้สายคีย์บอร์ดแบบกลไก W/แบ็คไลท์ RGB Hot-Swappable Switch การเล่นเกม USB แบบมีสายแป้นพิมพ์,3899.0,7.0,Keychron dealer,Keychron,Red,lazada,https://www.lazada.co.th/products/keychron-k4-h-v2-w-rgb-hot-swappable-switch-usb-i2412061926.html,keychron k4
Keychron K4 C V2บลูทูธไร้สายคีย์บอร์ดแบบกลไก W/แบ็คไลท์ RGB สวิตช์ Gateron เคสมือถืออะลูมิเนียมการเล่นเกม USB แบบมีสายแป้นพิมพ์,3899.0,,Keychron dealer,Keychron,Red,lazada,https://www.lazada.co.th/products/keychron-k4-c-v2-w-rgb-gateron-usb-i2412036730.html,keychron k4
Keychron K4 J V2บลูทูธไร้สายคีย์บอร์ดแบบกลไกแบ็คไลท์ RGB Hot-Swap Switch เคสมือถืออะลูมิเนียมการเล่นเกม USB แบบมีสายแป้นพิมพ์,4199.0,8.0,Keychron dealer,Keychron,Brown,lazada,https://www.lazada.co.th/products/keychron-k4-j-v2-rgb-hot-swap-switch-usb-i2412227286.html,keychron k4
Keychron K4 V2 100คีย์บลูทูธไร้สายคีย์บอร์ด RGB Backlight Hot-Swap Switch แบบมีสาย USB Gaming Keyboardd,3082.0,,South City 3C store.TH,Keychron,White LED light,lazada,https://www.lazada.co.th/products/keychron-k4-v2-100-rgb-backlight-hot-swap-switch-usb-gaming-keyboardd-i4124263700.html,keychron k4
โปรโมชั่น Foam Plate (Mute Foam) for Keychron K2 K4 K6 K 8 and other Mechanical Keyboard by L+M Keyboard ราคาถูก คีย์บอร์ด คีย์บอร์ดไร้สาย คีย์บอร์ดเกมมิ่ง อุปกรณ์คอม,445.0,,KK77 Shop,Premium(พรีเมึ่ยม),"for 60%, SK64, GK64",lazada,https://www.lazada.co.th/products/foam-plate-mute-foam-for-keychron-k2-k4-k6-k-8-and-other-mechanical-keyboard-by-lm-keyboard-i4066517884.html,keychron k4
Keychron V2 K4 G คีย์บอร์ดแบบกลไกไร้สายบลูทูธไร้สายพร้อมแบ็คไลท์สีขาวสวิตช์ร้อนแบบถอดเปลี่ยนได้การเล่นเกม USB แบบมีสายคีย์บอร์ด,5212.0,,emfv38,No Brand,Brown Switches,lazada,https://www.lazada.co.th/products/keychron-v2-k4-g-usb-i4277964651.html,keychron k4
Keychron K4กรัม V2บลูทูธคีย์บอร์ดไร้สายวิศวกรรม W/ แสงไฟสีขาวร้อนถอดเปลี่ยนได้สวิทช์สาย USB คีย์บอร์ดเกม,7351.0,,fpjc769,No Brand,Brown Switches,lazada,https://www.lazada.co.th/products/keychron-k4-v2-w-usb-i4019146726.html,keychron k4
โรงงานขายตรง Keychron K4 V2  เอฟเฟกต์แสงหลายโหมดแบบคู่ คีย์บอร์ดบลูทูธ แบบไร้สาย - Mode 5 . 1  ของใหม่แท้,7292.0,,Cereaiop,No Brand,Brown switch-K4 RGB,lazada,https://www.lazada.co.th/products/keychron-k4-v2-mode-5-1-i3802056084.html,keychron k4
Keychron K4 G V2 Bluetooth Wireless Mechanical Keyboard w/ White Backlight Hot-Swappable Switch Wired USB Gaming Keyboard,3062.0,,vk6kpa,No Brand,Blue Switches,lazada,https://www.lazada.co.th/products/keychron-k4-g-v2-bluetooth-wireless-mechanical-keyboard-w-white-backlight-hot-swappable-switch-wired-usb-gaming-keyboard-i4244592330.html,keychron k4
Keychron K4 A V2บลูทูธไร้สายคีย์บอร์ด W/ สีขาว LED Backlight Gateron Switch แบบมีสาย USB Gaming Keyboard,4383.0,,yayokw,No Brand,Brown Switches,lazada,https://www.lazada.co.th/products/keychron-k4-a-v2-w-led-backlight-gateron-switch-usb-gaming-keyboard-i4264034433.html,keychron k4
Keychron K4 A V2 Bluetooth Wireless Mechanical Keyboard w White LED Backlight Gateron Switch Wired USB Gaming Keyboard,4491.9,,HFDC,No Brand,Blue Switches,lazada,https://www.lazada.co.th/products/keychron-k4-a-v2-bluetooth-wireless-mechanical-keyboard-w-white-led-backlight-gateron-switch-wired-usb-gaming-keyboard-i3156171099.html,keychron k4
Keychron K4 J V2บลูทูธไร้สายคีย์บอร์ด RGB Backlight Hot-Swap Switch กรอบอลูมิเนียมแบบมีสาย USB Gaming Keyboard,7189.0,,proprietorship97edgr7e,No Brand,Brown Switches,lazada,https://www.lazada.co.th/products/keychron-k4-j-v2-rgb-backlight-hot-swap-switch-usb-gaming-keyboard-i4118299136.html,keychron k4
Keychron K4กรัม V2บลูทูธคีย์บอร์ดไร้สายวิศวกรรม W/ แสงไฟสีขาวร้อนถอดเปลี่ยนได้สวิทช์สาย USB คีย์บอร์ดเกม,7221.0,,lnt082,No Brand,Blue Switches,lazada,https://www.lazada.co.th/products/keychron-k4-v2-w-usb-i4041332830.html,keychron k4
Keychron K4 J V2บลูทูธไร้สายคีย์บอร์ด RGB Backlight Hot-Swap Switch กรอบอลูมิเนียมแบบมีสาย USB Gaming Keyboard,8724.0,,lnt082,No Brand,Red Switches,lazada,https://www.lazada.co.th/products/keychron-k4-j-v2-rgb-backlight-hot-swap-switch-usb-gaming-keyboard-i4041305714.html,keychron k4
Keychron K4กรัม V2บลูทูธคีย์บอร์ดไร้สายวิศวกรรม W แสงไฟสีขาวร้อนถอดเปลี่ยนได้สวิทช์สาย USB คีย์บอร์ดเกม,3310.56,,hiyuanhuiqucuoniaobaihuo,No Brand,Blue Switches,lazada,https://www.lazada.co.th/products/keychron-k4-v2-w-usb-i4295072283.html,keychron k4
Keychron K4 J V2บลูทูธไร้สายคีย์บอร์ด RGB Backlight Hot-Swap Switch กรอบอลูมิเนียมแบบมีสาย USB Gaming Keyboard,8355.0,,dvj952,No Brand,Blue Switches,lazada,https://www.lazada.co.th/products/keychron-k4-j-v2-rgb-backlight-hot-swap-switch-usb-gaming-keyboard-i4084528470.html,keychron k4
Keychron K4กรัม V2บลูทูธคีย์บอร์ดไร้สายวิศวกรรม W/ แสงไฟสีขาวร้อนถอดเปลี่ยนได้สวิทช์สาย USB คีย์บอร์ดเกม,5940.0,,monarch78ykyt7k,No Brand,Blue Switches,lazada,https://www.lazada.co.th/products/keychron-k4-v2-w-usb-i4081269184.html,keychron k4
Keychron K4 H V2บลูทูธคีย์บอร์ดไร้สาย W/rgb Backlight Hot-Swappable Switch แบบมีสาย USB Gaming Keyboard,6655.0,,WardEdenuHyMa,No Brand,Red Switches,lazada,https://www.lazada.co.th/products/keychron-k4-h-v2-wrgb-backlight-hot-swappable-switch-usb-gaming-keyboard-i4111805147.html,keychron k4
Keychron K4 B V2บลูทูธไร้สายคีย์บอร์ด W/rgb Backlight Gateron Switch คีย์บอร์ด USB Gaming,6107.0,,WardEdenuHyMa,No Brand,Blue Switches,lazada,https://www.lazada.co.th/products/keychron-k4-b-v2-wrgb-backlight-gateron-switch-usb-gaming-i4111802193.html,keychron k4
Keychron K4กรัม V2บลูทูธคีย์บอร์ดไร้สายวิศวกรรม W/ แสงไฟสีขาวร้อนถอดเปลี่ยนได้สวิทช์สาย USB คีย์บอร์ดเกม,6107.0,,WardEdenuHyMa,No Brand,Brown Switches,lazada,https://www.lazada.co.th/products/keychron-k4-v2-w-usb-i4111440668.html,keychron k4
Keychron V2 K4 G คีย์บอร์ดแบบกลไกไร้สายบลูทูธไร้สายพร้อมแบ็คไลท์สีขาวสวิตช์ร้อนแบบถอดเปลี่ยนได้การเล่นเกม USB แบบมีสายคีย์บอร์ด,7413.0,,yuanshiheyidianzishangwu,No Brand,Red Switches,lazada,https://www.lazada.co.th/products/keychron-v2-k4-g-usb-i4276054267.html,keychron k4
Keychron K4 J V2บลูทูธไร้สายแบ็คไลท์ RGB คีย์บอร์ดแบบกลไกสวิตช์สลับร้อนเคสมือถืออะลูมิเนียมคีย์บอร์ดการเล่นเกม USB แบบมีสาย,8838.0,,yuanshiheyidianzishangwu,No Brand,Brown Switches,lazada,https://www.lazada.co.th/products/keychron-k4-j-v2-rgb-usb-i4275985544.html,keychron k4
Keychron K4กรัม V2บลูทูธคีย์บอร์ดไร้สายวิศวกรรม W/ แสงไฟสีขาวร้อนถอดเปลี่ยนได้สวิทช์สาย USB คีย์บอร์ดเกม,4837.0,,jinmaowang,No Brand,Brown Switches,lazada,https://www.lazada.co.th/products/keychron-k4-v2-w-usb-i4263131969.html,keychron k4
Keychron K4 J V2บลูทูธไร้สายคีย์บอร์ด RGB Backlight Hot-Swap Switch กรอบอลูมิเนียมแบบมีสาย USB Gaming Keyboard,7037.0,,Davidson.,No Brand,Brown Switches,lazada,https://www.lazada.co.th/products/keychron-k4-j-v2-rgb-backlight-hot-swap-switch-usb-gaming-keyboard-i4060089178.html,keychron k4
Keychron K4 A V2บลูทูธไร้สายคีย์บอร์ด W/ สีขาว LED Backlight Gateron Switch แบบมีสาย USB Gaming Keyboard,4976.0,,อุปกรณ์เสริมสำหรับเล่นเกมดิจิตอล,No Brand,Red Switches,lazada,https://www.lazada.co.th/products/keychron-k4-a-v2-w-led-backlight-gateron-switch-usb-gaming-keyboard-i4245269856.html,keychron k4
Keychron K4 J V2บลูทูธไร้สายคีย์บอร์ด RGB Backlight Hot-Swap Switch กรอบอลูมิเนียมแบบมีสาย USB Gaming Keyboard,8465.0,,mode73tfft5dred,No Brand,Brown Switches,lazada,https://www.lazada.co.th/products/keychron-k4-j-v2-rgb-backlight-hot-swap-switch-usb-gaming-keyboard-i4153120300.html,keychron k4
Keychron K4 A V2บลูทูธไร้สายคีย์บอร์ด W/ สีขาว LED Backlight Gateron Switch แบบมีสาย USB Gaming Keyboard,6344.0,,mode73tfft5dred,No Brand,Blue Switches,lazada,https://www.lazada.co.th/products/keychron-k4-a-v2-w-led-backlight-gateron-switch-usb-gaming-keyboard-i4153117435.html,keychron k4
Keychron K4กรัม V2บลูทูธคีย์บอร์ดไร้สายวิศวกรรม W/ แสงไฟสีขาวร้อนถอดเปลี่ยนได้สวิทช์สาย USB คีย์บอร์ดเกม,6699.0,,xinwenhuayou,No Brand,Brown Switches,lazada,https://www.lazada.co.th/products/keychron-k4-v2-w-usb-i4150623563.html,keychron k4
Keychron V2 K4 G คีย์บอร์ดแบบกลไกไร้สายบลูทูธไร้สายพร้อมแบ็คไลท์สีขาวสวิตช์ร้อนแบบถอดเปลี่ยนได้การเล่นเกม USB แบบมีสายคีย์บอร์ด,6419.0,,shensong,No Brand,Brown Switches,lazada,https://www.lazada.co.th/products/keychron-v2-k4-g-usb-i4287848474.html,keychron k4
Keychron K4 J V2บลูทูธไร้สายแบ็คไลท์ RGB คีย์บอร์ดแบบกลไกสวิตช์สลับร้อนเคสมือถืออะลูมิเนียมคีย์บอร์ดการเล่นเกม USB แบบมีสาย,7798.0,,shensong,No Brand,Blue Switches,lazada,https://www.lazada.co.th/products/keychron-k4-j-v2-rgb-usb-i4287823564.html,keychron k4
Keychron K4 J V2บลูทูธไร้สายแบ็คไลท์ RGB คีย์บอร์ดแบบกลไกสวิตช์สลับร้อนเคสมือถืออะลูมิเนียมคีย์บอร์ดการเล่นเกม USB แบบมีสาย,8551.0,,Celeste.,No Brand,Brown Switches,lazada,https://www.lazada.co.th/products/keychron-k4-j-v2-rgb-usb-i4289631905.html,keychron k4
Keychron K4 H V2บลูทูธคีย์บอร์ดไร้สาย W/rgb Backlight Hot-Swappable Switch แบบมีสาย USB Gaming Keyboard,6954.0,,drqibq,No Brand,Brown Switches,lazada,https://www.lazada.co.th/products/keychron-k4-h-v2-wrgb-backlight-hot-swappable-switch-usb-gaming-keyboard-i4137922011.html,keychron k4
Keychron K4 B V2บลูทูธไร้สายคีย์บอร์ด W/rgb Backlight Gateron Switch คีย์บอร์ด USB Gaming,6355.0,,drqibq,No Brand,Brown Switches,lazada,https://www.lazada.co.th/products/keychron-k4-b-v2-wrgb-backlight-gateron-switch-usb-gaming-i4137884251.html,keychron k4
Keychron K4กรัม V2บลูทูธคีย์บอร์ดไร้สายวิศวกรรม W/ แสงไฟสีขาวร้อนถอดเปลี่ยนได้สวิทช์สาย USB คีย์บอร์ดเกม,6107.0,,8ue5ISm5,No Brand,Blue Switches,lazada,https://www.lazada.co.th/products/keychron-k4-v2-w-usb-i4111357977.html,keychron k4
Keychron K4กรัม V2บลูทูธคีย์บอร์ดไร้สายวิศวกรรม W/ แสงไฟสีขาวร้อนถอดเปลี่ยนได้สวิทช์สาย USB คีย์บอร์ดเกม,6219.0,,Meicheng อุปกรณ์เสริมดิจิตอลขายส่ง,No Brand,Red Switches,lazada,https://www.lazada.co.th/products/keychron-k4-v2-w-usb-i4250176352.html,keychron k4
Keychron K4 J V2บลูทูธไร้สายคีย์บอร์ด RGB Backlight Hot-Swap Switch กรอบอลูมิเนียมแบบมีสาย USB Gaming Keyboard,8619.0,,bep028,No Brand,Brown Switches,lazada,https://www.lazada.co.th/products/keychron-k4-j-v2-rgb-backlight-hot-swap-switch-usb-gaming-keyboard-i4034236998.html,keychron k4
Keychron K4 J V2บลูทูธไร้สายแบ็คไลท์ RGB คีย์บอร์ดแบบกลไกสวิตช์สลับร้อนเคสมือถืออะลูมิเนียมคีย์บอร์ดการเล่นเกม USB แบบมีสาย,6407.0,,ivnqbo,No Brand,Red Switches,lazada,https://www.lazada.co.th/products/keychron-k4-j-v2-rgb-usb-i4355027981.html,keychron k4
Keychron K4กรัม V2บลูทูธคีย์บอร์ดไร้สายวิศวกรรม W/ แสงไฟสีขาวร้อนถอดเปลี่ยนได้สวิทช์สาย USB คีย์บอร์ดเกม,4837.0,,fulu225088,No Brand,Blue Switches,lazada,https://www.lazada.co.th/products/keychron-k4-v2-w-usb-i4265093300.html,keychron k4
Keychron K4 J V2บลูทูธไร้สายคีย์บอร์ด RGB Backlight Hot-Swap Switch กรอบอลูมิเนียมแบบมีสาย USB Gaming Keyboard,5834.0,,fulu225088,No Brand,Red Switches,lazada,https://www.lazada.co.th/products/keychron-k4-j-v2-rgb-backlight-hot-swap-switch-usb-gaming-keyboard-i4265027630.html,keychron k4
Keychron โปรไฟล์ OEM PBT Retro Keycap Set สำหรับ K4 Wireless Mechanical Keyboard,2304.0,,Xiaofang shop,OEM,,lazada,https://www.lazada.co.th/products/keychron-oem-pbt-retro-keycap-set-k4-wireless-mechanical-keyboard-i4224563567.html,keychron k4
Keychron K4 J V2บลูทูธไร้สายแบ็คไลท์ RGB คีย์บอร์ดแบบกลไกสวิตช์สลับร้อนเคสมือถืออะลูมิเนียมคีย์บอร์ดการเล่นเกม USB แบบมีสาย,12243.0,,อุปกรณ์ดิจิตอล Stellar 3C,No Brand,Brown Switches,lazada,https://www.lazada.co.th/products/keychron-k4-j-v2-rgb-usb-i4310485268.html,keychron k4
Keychron V2 K4 G คีย์บอร์ดแบบกลไกไร้สายบลูทูธไร้สายพร้อมแบ็คไลท์สีขาวสวิตช์ร้อนแบบถอดเปลี่ยนได้การเล่นเกม USB แบบมีสายคีย์บอร์ด,10139.0,,อุปกรณ์ดิจิตอล Stellar 3C,No Brand,Red Switches,lazada,https://www.lazada.co.th/products/keychron-v2-k4-g-usb-i4310408518.html,keychron k4
Keychron K4 A V2บลูทูธไร้สายคีย์บอร์ด W/ สีขาว LED Backlight Gateron Switch แบบมีสาย USB Gaming Keyboard,4383.0,,bao5vz,No Brand,Red Switches,lazada,https://www.lazada.co.th/products/keychron-k4-a-v2-w-led-backlight-gateron-switch-usb-gaming-keyboard-i4263792501.html,keychron k4
โปรโมชั่น [ประกันไทย] [in stock] Keychron K4 V2 คีย์บอร์ด สินค้าถ่ายจากงานจริง % คีย์บอร์ดบลูทูธ แบบไร้สาย - Mode 5 . 1 คีย์ภาษาไ ราคาถูก คีย์บอร์ด คีย์บอร์ดไร้สาย คีย์บอร์ดไฟฟ้า คีย์บอร์ดเกมมิ่ง,5670.0,,Machiko Shop,Premium(พรีเมึ่ยม),Red switch-K4 LED,lazada,https://www.lazada.co.th/products/in-stock-keychron-k4-v2-mode-5-1-i4359039070.html,keychron k4
โปรโมชั่น 【ของแท้ใหม่】in stockแ Keychron K4 V2พร้อมส่งของแท้％ คีย์บอร์ดบลูทูธ แบบไร้สาย - Mode 5 . 1 ราคาถูก คีย์บอร์ด คีย์บอร์ดไร้สาย คีย์บอร์ดไฟฟ้า คีย์บอร์ดเกมมิ่ง,5634.0,,Machiko Shop,Premium(พรีเมึ่ยม),Brown switch-K4 LED,lazada,https://www.lazada.co.th/products/in-stock-keychron-k4-v2-mode-5-1-i4358946464.html,keychron k4
Keychron คีย์บอร์ดวอลนัทแผ่นรองมือสำหรับคีย์บอร์ดสายรัดข้อมือสายรัดข้อมือไม้เหมาะสำหรับ K2/K4/K6/K8,467.52,308.0,space station,Keychron,Q1/Q2,lazada,https://www.lazada.co.th/products/keychron-k2k4k6k8-i2583881962.html,keychron k4
♣Foam Plate (Mute Foam) for Keychron K2 K4 K6 K 8 and other Mechanical Keyboard by L+M Keyboard✴,437.0,,Yer2516,No Brand,Keydous NJ80,lazada,https://www.lazada.co.th/products/foam-plate-mute-foam-for-keychron-k2-k4-k6-k-8-and-other-mechanical-keyboard-by-lm-keyboard-i3930895709.html,keychron k4
Keychron K4 J V2บลูทูธไร้สายคีย์บอร์ด RGB Backlight Hot-Swap Switch กรอบอลูมิเนียมแบบมีสาย USB Gaming Keyboard,5834.0,,AyQmfHGKYLkC,No Brand,Red Switches,lazada,https://www.lazada.co.th/products/keychron-k4-j-v2-rgb-backlight-hot-swap-switch-usb-gaming-keyboard-i4265206622.html,keychron k4
Keychron k4 k4 k6 k8ใช้เฉพาะกับโรเจอร์สอิจิอิจิอิจิอิจิอิจิอิจิอิจิอิจิอิจิอิจิอิจิอิจิอิจิอิจิอิจิอิจิอิจิอิจิอิจิอิจิอิจิอิจิอิจิอิจิอิจิอิจิอิจิอิจิ,250.0,,TAO Keyboard&Mouse,No Brand,K4กับขนาด (เบาะรอง PORON),lazada,https://www.lazada.co.th/products/keychron-k4-k4-k6-k8-i3924664461.html,keychron k4
เรือจากประเทศไทย Foam Plate (Mute Foam) for Keychron K2 K4 K6 K 8 and other Mechanical Keyboard by L+M Keyboard,460.0,,pattaya410,No Brand,PORON : K4 RK100 96%,lazada,https://www.lazada.co.th/products/foam-plate-mute-foam-for-keychron-k2-k4-k6-k-8-and-other-mechanical-keyboard-by-lm-keyboard-i3983873595.html,keychron k4
2 Keychron K4 J V2บลูทูธไร้สายคีย์บอร์ด RGB Backlight Hot-Swap Switch กรอบอลูมิเนียมแบบมีสาย USB Gaming Keyboard,6076.0,,yaoba41147,No Brand,,lazada,https://www.lazada.co.th/products/2-keychron-k4-j-v2-rgb-backlight-hot-swap-switch-usb-gaming-keyboard-i4238360540.html,keychron k4
"โปรโมชั่น Keychron Keyboard Wooden Palm Rest K2 / K6 , K3 , K4 , K8 ที่รองข้อมือ ไม้วอลนัทอเมริกันพรีเมี่ยม ราคาถูก คีย์บอร์ด คีย์บอร์ดไร้สาย คีย์บอร์ดเกมมิ่ง อุปกรณ์คอม",1036.0,,K66 Shop,Premium(พรีเมึ่ยม),,lazada,https://www.lazada.co.th/products/keychron-keyboard-wooden-palm-rest-k2-k6-k3-k4-k8-i4037438481.html,keychron k4
✦Foam Plate (Mute Foam) for Keychron K2 K4 K6 K 8 and other Mechanical Keyboard by L+M Keyboard♝,465.0,,zi606,No Brand,Keychron K2 75% RK84,lazada,https://www.lazada.co.th/products/foam-plate-mute-foam-for-keychron-k2-k4-k6-k-8-and-other-mechanical-keyboard-by-lm-keyboard-i3971677396.html,keychron k4
เรือจากประเทศไทย Foam Plate (Mute Foam) for Keychron K2 K4 K6 K 8 and other Mechanical Keyboard by L+M Keyboard,451.0,,TH2403,No Brand,"Custom, pls contact",lazada,https://www.lazada.co.th/products/foam-plate-mute-foam-for-keychron-k2-k4-k6-k-8-and-other-mechanical-keyboard-by-lm-keyboard-i4047179665.html,keychron k4
Keychron K4 J V2บลูทูธไร้สายคีย์บอร์ด RGB Backlight Hot-Swap Switch กรอบอลูมิเนียมแบบมีสาย USB Gaming Keyboard,8461.0,,xcr288,No Brand,Blue Switches,lazada,https://www.lazada.co.th/products/keychron-k4-j-v2-rgb-backlight-hot-swap-switch-usb-gaming-keyboard-i4048533383.html,keychron k4
Keychron V2 K4 G คีย์บอร์ดแบบกลไกไร้สายบลูทูธไร้สายพร้อมแบ็คไลท์สีขาวสวิตช์ร้อนแบบถอดเปลี่ยนได้การเล่นเกม USB แบบมีสายคีย์บอร์ด,5128.0,,sf8sfjergdr,No Brand,Blue Switches,lazada,https://www.lazada.co.th/products/keychron-v2-k4-g-usb-i4294440970.html,keychron k4
Keychron V2 K4 G คีย์บอร์ดแบบกลไกไร้สายบลูทูธไร้สายพร้อมแบ็คไลท์สีขาวสวิตช์ร้อนแบบถอดเปลี่ยนได้การเล่นเกม USB แบบมีสายคีย์บอร์ด,5345.0,,ivnqbo,No Brand,Brown Switches,lazada,https://www.lazada.co.th/products/keychron-v2-k4-g-usb-i4355138374.html,keychron k4
【แป้นพิมพ์】 Keychron keyboard wooden hand rest suitable for K2 K6K3K4K8 C1C2 wrist rest high-quality walnut,909.0,,qi sheng trade,No Brand,K3,lazada,https://www.lazada.co.th/products/keychron-keyboard-wooden-hand-rest-suitable-for-k2-k6k3k4k8-c1c2-wrist-rest-high-quality-walnut-i2689682975.html,keychron k4
【แป้นพิมพ์】 ツKeychron-K4V2 คีย์บอร์ดบลูทูธไร้สายแสงสีขาว Rgb Backlight 100-Key gift,4184.0,,xuan rui trade,No Brand,A1-white light ver Official standard,lazada,https://www.lazada.co.th/products/keychron-k4v2-rgb-backlight-100-key-gift-i2748101323.html,keychron k4
Keychron K4 V.2 Hotswappable (Key ENG) ⌨ ขนาด 96% - 100 Keys ‼️ คีย์บอร์ดไร้สาย Bluetooth 🔥🔥🔥,4190.0,112.0,hardware_riser,Keychron,,shopee,https://shopee.co.th/Keychron-K4-V.2-Hotswappable-(Key-ENG)-⌨-ขนาด-96-100-Keys-‼️-คีย์บอร์ดไร้สาย-Bluetooth-🔥🔥🔥-i.5890399.6896921535?sp_atk=4cf3febd-faf3-40d2-bc4c-ef65c41bb816&xptdk=4cf3febd-faf3-40d2-bc4c-ef65c41bb816,keychron k4
Keychron K4V2 คีย์ครอน K4 คีย์บอร์ดไร้สาย Wireless Hot swappable mechanical keyboard,4190.0,64.0,mechanicpro_official,Keychron,,shopee,https://shopee.co.th/Keychron-K4V2-คีย์ครอน-K4-คีย์บอร์ดไร้สาย-Wireless-Hot-swappable-mechanical-keyboard-i.476489215.10616415728?sp_atk=211a0ec6-65a5-4aa1-873f-ecdba233e2f4&xptdk=211a0ec6-65a5-4aa1-873f-ecdba233e2f4,keychron k4
Keychron ที่พักข้อมือไม้วอลนัท สําหรับ K2 K4 K6 K8 K10 Q1 Q2,569.0,1900.0,kongjianzhan.th,Keychron,,shopee,https://shopee.co.th/Keychron-ที่พักข้อมือไม้วอลนัท-สําหรับ-K2-K4-K6-K8-K10-Q1-Q2-i.290039395.9316158128?sp_atk=5ac743c8-bd55-4096-adfa-045b90cbf017&xptdk=5ac743c8-bd55-4096-adfa-045b90cbf017,keychron k4
Keychron K4 V.2 Hotswappable (Key ENG) ⌨ ขนาด 96% - 100 Keys ‼️ คีย์บอร์ดไร้สาย Bluetooth,1729.0,0.0,h_skwf_p7j,,,shopee,https://shopee.co.th/Keychron-K4-V.2-Hotswappable-(Key-ENG)-⌨-ขนาด-96-100-Keys-‼️-คีย์บอร์ดไร้สาย-Bluetooth-i.913934953.23511000262?sp_atk=9048df2a-1e4d-43c8-a3ad-74e4712f530b&xptdk=9048df2a-1e4d-43c8-a3ad-74e4712f530b,keychron k4
[ประกันไทย] [in stock] Keychron K4 V2 คีย์บอร์ด สินค้าถ่ายจากงานจริง % คีย์บอร์ดบลูทูธ แบบไร้สาย - Mode 5 . 1 คีย์ภาษาไ,1364.0,0.0,h_skwf_p7j,,,shopee,https://shopee.co.th/-ประกันไทย-in-stock-Keychron-K4-V2-คีย์บอร์ด-สินค้าถ่ายจากงานจริง-คีย์บอร์ดบลูทูธ-แบบไร้สาย-Mode-5-.-1-คีย์ภาษาไ-i.913934953.23510998741?sp_atk=92ade882-5fc2-4485-9f44-9ec04e7c63a0&xptdk=92ade882-5fc2-4485-9f44-9ec04e7c63a0,keychron k4
Keychron Wooden Palmrest for K4 (Solid wooden palm rest) ไม้รองข้อมือ สำหรับคีย์บอร์ดรุ่น K4,513.0,0.0,e9chw8fukg,,,shopee,https://shopee.co.th/Keychron-Wooden-Palmrest-for-K4-(Solid-wooden-palm-rest)-ไม้รองข้อมือ-สำหรับคีย์บอร์ดรุ่น-K4-i.913932026.22711052482?sp_atk=624b046e-0180-412d-8085-a98dc5518311&xptdk=624b046e-0180-412d-8085-a98dc5518311,keychron k4
【ของแท้ใหม่】in stockแ Keychron K4 V2พร้อมส่งของแท้💯％ คีย์บอร์ดบลูทูธ แบบไร้สาย - Mode 5 . 1,3280.0,1100.0,dsggwe,Keychron,,shopee,https://shopee.co.th/【ของแท้ใหม่】in-stockแ-Keychron-K4-V2พร้อมส่งของแท้💯％-คีย์บอร์ดบลูทูธ-แบบไร้สาย-Mode-5-.-1-i.755201256.10394192896?sp_atk=81c1a7c7-a274-4276-9910-672e26b37080&xptdk=81c1a7c7-a274-4276-9910-672e26b37080,keychron k4
Keychron K4 Wireless Keyboard Thai (คีย์บอร์ดไร้สายภาษาไทยขนาด 96%),4390.0,2000.0,keychronthailand,Keychron,,shopee,https://shopee.co.th/Keychron-K4-Wireless-Keyboard-Thai-(คีย์บอร์ดไร้สายภาษาไทยขนาด-96-)-i.241119803.3729249856?sp_atk=99f48219-b90c-4d4f-abe9-4d1367811b87&xptdk=99f48219-b90c-4d4f-abe9-4d1367811b87,keychron k4
ประกันไทย [in stock] Keychron K4 V2 คีย์บอร์ด สินค้าถ่ายจากงานจริง % คีย์บอร์ดบลูทูธ แบบไร้สาย - Mode 5 . 1 คีย์ภาษาไ,1345.0,0.0,01wpl48exy,,,shopee,https://shopee.co.th/ประกันไทย-in-stock-Keychron-K4-V2-คีย์บอร์ด-สินค้าถ่ายจากงานจริง-คีย์บอร์ดบลูทูธ-แบบไร้สาย-Mode-5-.-1-คีย์ภาษาไ-i.931884308.20370700682?sp_atk=d85ea52c-6b33-42a4-b6ad-157494a49dd4&xptdk=d85ea52c-6b33-42a4-b6ad-157494a49dd4,keychron k4
Keychron K4 V2 คีย์บอร์ด Mechanical ไร้สาย  Keychron K4 Wireless Mechanical Keyboard Keychron Optical,1215.0,0.0,01wpl48exy,,,shopee,https://shopee.co.th/Keychron-K4-V2-คีย์บอร์ด-Mechanical-ไร้สาย-Keychron-K4-Wireless-Mechanical-Keyboard-Keychron-Optical-i.931884308.18170710534?sp_atk=1a542f5c-2407-446c-810c-4d04ee7af9d0&xptdk=1a542f5c-2407-446c-810c-4d04ee7af9d0,keychron k4
[ประกันไทย] [in stock] Keychron K4 V2 คีย์บอร์ด สินค้าถ่ายจากงานจริง % คีย์บอร์ดบลูทูธ แบบไร้สาย - Mode 5 . 1 คีย์ภาษาไ,1374.0,0.0,v416d38dki,,,shopee,https://shopee.co.th/-ประกันไทย-in-stock-Keychron-K4-V2-คีย์บอร์ด-สินค้าถ่ายจากงานจริง-คีย์บอร์ดบลูทูธ-แบบไร้สาย-Mode-5-.-1-คีย์ภาษาไ-i.915808203.19968755290?sp_atk=54fe70f0-9d26-4f09-b818-16bd594739ec&xptdk=54fe70f0-9d26-4f09-b818-16bd594739ec,keychron k4
[ประกันไทย] [in stock] Keychron K4 V2 คีย์บอร์ด สินค้าถ่ายจากงานจริง 💯% คีย์บอร์ดบลูทูธ แบบไร้สาย - Mode 5 . 1 คีย์ภาษาไ,2980.0,1100.0,dfhwegwe,Keychron,,shopee,https://shopee.co.th/-ประกันไทย-in-stock-Keychron-K4-V2-คีย์บอร์ด-สินค้าถ่ายจากงานจริง-💯-คีย์บอร์ดบลูทูธ-แบบไร้สาย-Mode-5-.-1-คีย์ภาษาไ-i.755196380.15279100635?sp_atk=bb153e09-03c5-4898-9030-a12bdc10976b&xptdk=bb153e09-03c5-4898-9030-a12bdc10976b,keychron k4
۞▽✺[ประกันไทย] [in stock] Keychron K4 V2 คีย์บอร์ด สินค้าถ่ายจากงานจริง % คีย์บอร์ดบลูทูธ แบบไร้สาย - Mode 5 . 1 คีย์ภาษ,1327.0,0.0,c9grwpd9c6,,,shopee,https://shopee.co.th/۞▽✺-ประกันไทย-in-stock-Keychron-K4-V2-คีย์บอร์ด-สินค้าถ่ายจากงานจริง-คีย์บอร์ดบลูทูธ-แบบไร้สาย-Mode-5-.-1-คีย์ภาษ-i.918418108.21968976084?sp_atk=d9b8cc08-b653-42c8-82ab-2d80161e7ae0&xptdk=d9b8cc08-b653-42c8-82ab-2d80161e7ae0,keychron k4
♣∏✓Keychron K4 hotswap (Key ENG) Mechanical Keyboard คีย์บอร์ดไร้สาย Wireless แท้100% ถูกสุดในโลก,1693.0,0.0,18fv3khj50,,,shopee,https://shopee.co.th/♣∏✓Keychron-K4-hotswap-(Key-ENG)-Mechanical-Keyboard-คีย์บอร์ดไร้สาย-Wireless-แท้100-ถูกสุดในโลก-i.928352823.21970634223?sp_atk=aeadce2c-ac3b-434f-a19a-7211d5f5be27&xptdk=aeadce2c-ac3b-434f-a19a-7211d5f5be27,keychron k4
bfh Keychron K4 A V2บลูทูธไร้สายคีย์บอร์ด W/ สีขาว LED Backlight Gateron Switch แบบมีสาย USB Gaming Keyboard 253,3953.0,0.0,253f6m1bfh,,,shopee,https://shopee.co.th/bfh-Keychron-K4-A-V2บลูทูธไร้สายคีย์บอร์ด-W-สีขาว-LED-Backlight-Gateron-Switch-แบบมีสาย-USB-Gaming-Keyboard-253-i.927936077.22716345455?sp_atk=7bdf31c2-22fd-4cfd-8fe8-62c2b44005f3&xptdk=7bdf31c2-22fd-4cfd-8fe8-62c2b44005f3,keychron k4
Keychron K4 hotswap (Key ENG) Mechanical Keyboard คีย์บอร์ดไร้สาย Wireless แท้100% ถูกสุดในโลก,1617.0,0.0,l62pqwrvjl,,,shopee,https://shopee.co.th/Keychron-K4-hotswap-(Key-ENG)-Mechanical-Keyboard-คีย์บอร์ดไร้สาย-Wireless-แท้100-ถูกสุดในโลก-i.927661263.22716713886?sp_atk=638c0bc5-b827-4e1a-91b1-50361b985b8e&xptdk=638c0bc5-b827-4e1a-91b1-50361b985b8e,keychron k4
Psy RGB 143 keycaps white pudding double skin milk backlit keycap keychron K4 K6 K8 GASE,1763.0,0.0,ey4rf4gb3w,,,shopee,https://shopee.co.th/Psy-RGB-143-keycaps-white-pudding-double-skin-milk-backlit-keycap-keychron-K4-K6-K8-GASE-i.926711040.22114389025?sp_atk=116a99d0-c0a6-431b-8fc0-0593e91212ec&xptdk=116a99d0-c0a6-431b-8fc0-0593e91212ec,keychron k4
เคสแป้นพิมพ์ ฝาครอบป้องกันถุงเก็บ for keychron K2 K3 K4 K6 K8 C1 C2 K12 K10 Q1 กระเป๋า carrying case Travel storage bag,494.0,0.0,h35id0za77,,,shopee,https://shopee.co.th/เคสแป้นพิมพ์-ฝาครอบป้องกันถุงเก็บ-for-keychron-K2-K3-K4-K6-K8-C1-C2-K12-K10-Q1-กระเป๋า-carrying-case-Travel-storage-bag-i.912630679.19168235309?sp_atk=9f7579ee-a600-4a48-bcc2-93099e98c5b9&xptdk=9f7579ee-a600-4a48-bcc2-93099e98c5b9,keychron k4
Keychron K4 V2 คีย์บอร์ด Mechanical ไร้สาย  Keychron K4 Wireless Mechanical Keyboard Keychron Optical,1457.0,0.0,n0rtr6fjeh,,,shopee,https://shopee.co.th/Keychron-K4-V2-คีย์บอร์ด-Mechanical-ไร้สาย-Keychron-K4-Wireless-Mechanical-Keyboard-Keychron-Optical-i.924395270.22715807522?sp_atk=51f611db-d8cd-46a0-b168-d3a8afa25805&xptdk=51f611db-d8cd-46a0-b168-d3a8afa25805,keychron k4
Keychron K4 V2 คีย์บอร์ด Mechanical ไร้สาย  Keychron K4 Wireless Mechanical Keyboard Keychron Optical,1539.0,0.0,g6iyz7iavb,,,shopee,https://shopee.co.th/Keychron-K4-V2-คีย์บอร์ด-Mechanical-ไร้สาย-Keychron-K4-Wireless-Mechanical-Keyboard-Keychron-Optical-i.930202122.20371000329?sp_atk=39e04af9-a4a6-4abc-9ab9-3faf40048bd9&xptdk=39e04af9-a4a6-4abc-9ab9-3faf40048bd9,keychron k4
Keychron K4 V2 คีย์บอร์ด Mechanical ไร้สาย  Keychron K4 Wireless Mechanical Keyboard Keychron Optical,2702.0,37.0,champpam123,Keychron,,shopee,https://shopee.co.th/Keychron-K4-V2-คีย์บอร์ด-Mechanical-ไร้สาย-Keychron-K4-Wireless-Mechanical-Keyboard-Keychron-Optical-i.89308423.12492084238?sp_atk=eb043cc7-c536-4542-9418-894607383755&xptdk=eb043cc7-c536-4542-9418-894607383755,keychron k4
Keychron K4 V2 คีย์บอร์ด Mechanical ไร้สาย  Keychron K4 Wireless Mechanical Keyboard Keychron Optical,1553.0,0.0,clp0io8euh,,,shopee,https://shopee.co.th/Keychron-K4-V2-คีย์บอร์ด-Mechanical-ไร้สาย-Keychron-K4-Wireless-Mechanical-Keyboard-Keychron-Optical-i.924403977.23414667082?sp_atk=19a2bd42-fee7-40e9-ab89-77658bab6e9d&xptdk=19a2bd42-fee7-40e9-ab89-77658bab6e9d,keychron k4
"h0v d - s แผ่นรองข้อมือสําหรับคีย์บอร์ด/Keychron keyboard wooden hand rest, suitable for K2/K6, K4, K8 wrist  mzr",341.0,0.0,mzrxch7h0v,,,shopee,https://shopee.co.th/h0v-d-s-แผ่นรองข้อมือสําหรับคีย์บอร์ด-Keychron-keyboard-wooden-hand-rest-suitable-for-K2-K6-K4-K8-wrist-mzr-i.928884316.21070309495?sp_atk=ce1ae7da-dc08-407b-96c1-c158ce323862&xptdk=ce1ae7da-dc08-407b-96c1-c158ce323862,keychron k4
Keychron K4 V.2 Wireless Hot swappable mechanical Keyboard คีย์บอร์ดไร้สาย ภาษาไทย,4390.0,189.0,sillicons,Keychron,,shopee,https://shopee.co.th/Keychron-K4-V.2-Wireless-Hot-swappable-mechanical-Keyboard-คีย์บอร์ดไร้สาย-ภาษาไทย-i.472321265.19605030427?sp_atk=326c36f8-a436-4298-bf5e-f016bd7adc24&xptdk=326c36f8-a436-4298-bf5e-f016bd7adc24,keychron k4
【กระเป๋าเก็บคีย์บอร์ด】【Keyboard storage bag】ที่ใช้งานได้ Keychron K1 / K2 K4 K6 K8 แป้นพิมพ์เชิงกลการป้องกันการจัดเก็บกร,816.0,0.0,l9gb0tjfez,,,shopee,https://shopee.co.th/【กระเป๋าเก็บคีย์บอร์ด】【Keyboard-storage-bag】ที่ใช้งานได้-Keychron-K1-K2-K4-K6-K8-แป้นพิมพ์เชิงกลการป้องกันการจัดเก็บกร-i.915799640.22611416740?sp_atk=d54ca4a3-5b14-4106-a69e-2f7f141d0da8&xptdk=d54ca4a3-5b14-4106-a69e-2f7f141d0da8,keychron k4
เคสคีย์บอร์ด 100 คีย์ สําหรับ Keychron K4 RK Royal KLUDGE RK96 90% RK100,489.0,19.0,geekria.th,,,shopee,https://shopee.co.th/เคสคีย์บอร์ด-100-คีย์-สําหรับ-Keychron-K4-RK-Royal-KLUDGE-RK96-90-RK100-i.284377828.22400259421?sp_atk=58623a03-5185-4700-b416-cddbc8725b0c&xptdk=58623a03-5185-4700-b416-cddbc8725b0c,keychron k4
Keychron K4 V2 คีย์บอร์ด Mechanical ไร้สาย  Keychron K4 Wireless Mechanical Keyboard Keychron Optical,1457.0,0.0,5yjbis_r7x,,,shopee,https://shopee.co.th/Keychron-K4-V2-คีย์บอร์ด-Mechanical-ไร้สาย-Keychron-K4-Wireless-Mechanical-Keyboard-Keychron-Optical-i.929327109.23816304133?sp_atk=e0bf8af5-0d09-4982-9af3-066708c8403c&xptdk=e0bf8af5-0d09-4982-9af3-066708c8403c,keychron k4
Keychron K4 V2 คีย์บอร์ด Mechanical ไร้สาย  Keychron K4 Wireless Mechanical Keyboard Keychron Optical,1222.0,0.0,l9gb0tjfez,,,shopee,https://shopee.co.th/Keychron-K4-V2-คีย์บอร์ด-Mechanical-ไร้สาย-Keychron-K4-Wireless-Mechanical-Keyboard-Keychron-Optical-i.915799640.23511437309?sp_atk=acf9e4a1-864b-4bb2-a2ab-bd80bd375dbd&xptdk=acf9e4a1-864b-4bb2-a2ab-bd80bd375dbd,keychron k4
【พร้อมส่งของ】Keychron K4 V2 Wireless Hot swappable mechanical Keyboard คีย์บอร์ดไร้สาย ภาษาไทย แบบไร้สาย - Mode 5 . 1,1639.0,0.0,8i3b0k1o2q,,,shopee,https://shopee.co.th/【พร้อมส่งของ】Keychron-K4-V2-Wireless-Hot-swappable-mechanical-Keyboard-คีย์บอร์ดไร้สาย-ภาษาไทย-แบบไร้สาย-Mode-5-.-1-i.926608799.22915824999?sp_atk=cb156d9e-b939-4955-8bcf-4e6b0c49039c&xptdk=cb156d9e-b939-4955-8bcf-4e6b0c49039c,keychron k4
Keychron K4V2 คีย์ครอน K4 คีย์บอร์ดไร้สาย Wireless Hot swappable mechanical keyboard,1533.0,0.0,h2vqf64zi6,,,shopee,https://shopee.co.th/Keychron-K4V2-คีย์ครอน-K4-คีย์บอร์ดไร้สาย-Wireless-Hot-swappable-mechanical-keyboard-i.915801385.20868757852?sp_atk=9e806066-349b-467e-9ed5-002c7f28a3dd&xptdk=9e806066-349b-467e-9ed5-002c7f28a3dd,keychron k4
⊙☑✉Keychron K4V2 คีย์ครอน K4 คีย์บอร์ดไร้สาย Wireless Hot swappable mechanical keyboard,1566.0,0.0,s_1wasdwo1,,,shopee,https://shopee.co.th/⊙☑✉Keychron-K4V2-คีย์ครอน-K4-คีย์บอร์ดไร้สาย-Wireless-Hot-swappable-mechanical-keyboard-i.926028192.19669832949?sp_atk=a02fb008-4902-4b7b-9499-db65fb6ca829&xptdk=a02fb008-4902-4b7b-9499-db65fb6ca829,keychron k4
Keychron K4 V2 คีย์บอร์ด Mechanical ไร้สาย  Keychron K4 Wireless Mechanical Keyboard Keychron Optical,1429.0,0.0,ddh4ofgujz,,,shopee,https://shopee.co.th/Keychron-K4-V2-คีย์บอร์ด-Mechanical-ไร้สาย-Keychron-K4-Wireless-Mechanical-Keyboard-Keychron-Optical-i.929359328.23817507315?sp_atk=883bc1aa-863d-4e99-a09c-92eecb4851ad&xptdk=883bc1aa-863d-4e99-a09c-92eecb4851ad,keychron k4
【กระเป๋าเก็บคีย์บอร์ด】【Keyboard storage bag】ที่ใช้งานได้ Keychron K1 / K2 K4 K6 K8 แป้นพิมพ์เชิงกลการป้องกันการจัดเก็บกร,806.0,0.0,z_e_y_tamr,,,shopee,https://shopee.co.th/【กระเป๋าเก็บคีย์บอร์ด】【Keyboard-storage-bag】ที่ใช้งานได้-Keychron-K1-K2-K4-K6-K8-แป้นพิมพ์เชิงกลการป้องกันการจัดเก็บกร-i.913927655.18468640723?sp_atk=36d77c16-3101-4796-a65c-18f6f6cb4248&xptdk=36d77c16-3101-4796-a65c-18f6f6cb4248,keychron k4
♗Keychron K4 V2 คีย์บอร์ด Mechanical ไร้สาย  Keychron K4 Wireless Mechanical Keyboard Keychron Optical,1233.0,0.0,t0kkwix2yq,,,shopee,https://shopee.co.th/♗Keychron-K4-V2-คีย์บอร์ด-Mechanical-ไร้สาย-Keychron-K4-Wireless-Mechanical-Keyboard-Keychron-Optical-i.930812980.23116953818?sp_atk=4add6f69-d794-45f2-b270-df197abc2d80&xptdk=4add6f69-d794-45f2-b270-df197abc2d80,keychron k4
Keychron Q1/Q3/K1/K2/K3/K4/K6/K7/K8/K12 keyboard bag,488.0,0.0,ohr_c0fvsa,,,shopee,https://shopee.co.th/Keychron-Q1-Q3-K1-K2-K3-K4-K6-K7-K8-K12-keyboard-bag-i.915789071.23911447418?sp_atk=22a82d64-f2b3-4390-9581-b4f14b1e64f1&xptdk=22a82d64-f2b3-4390-9581-b4f14b1e64f1,keychron k4
[ของแท้ 100%] Keychron K4 แป้นพิมพ์ไร้สาย (เวอร์ชั่น 2) Rgb 100 คีย์อุปกรณ์เสริม 3 อุปกรณ์ Via Abs - สีขาว / Rgb,2474.0,0.0,s2lzr7g6xc,,,shopee,https://shopee.co.th/-ของแท้-100-Keychron-K4-แป้นพิมพ์ไร้สาย-(เวอร์ชั่น-2)-Rgb-100-คีย์อุปกรณ์เสริม-3-อุปกรณ์-Via-Abs-สีขาว-Rgb-i.929377548.22017263989?sp_atk=312e5eb3-3fe2-45e1-956f-0f20a2659815&xptdk=312e5eb3-3fe2-45e1-956f-0f20a2659815,keychron k4
Keychron K4 V2 คีย์บอร์ด Mechanical ไร้สาย  Keychron K4 Wireless Mechanical Keyboard Keychron Optical,1429.0,0.0,jlmpgp24h7,,,shopee,https://shopee.co.th/Keychron-K4-V2-คีย์บอร์ด-Mechanical-ไร้สาย-Keychron-K4-Wireless-Mechanical-Keyboard-Keychron-Optical-i.932964950.22217465143?sp_atk=4935b26c-2929-46dd-8ba3-a9ef43d18c81&xptdk=4935b26c-2929-46dd-8ba3-a9ef43d18c81,keychron k4
Keychron Wooden Palmrest for K4 (Solid wooden palm rest) ไม้รองข้อมือ สำหรับคีย์บอร์ดรุ่น K4,890.0,163.0,keychronthailand,Keychron,,shopee,https://shopee.co.th/Keychron-Wooden-Palmrest-for-K4-(Solid-wooden-palm-rest)-ไม้รองข้อมือ-สำหรับคีย์บอร์ดรุ่น-K4-i.241119803.6929160011?sp_atk=c0978440-b07b-4fb0-969a-5a947f2b41ae&xptdk=c0978440-b07b-4fb0-969a-5a947f2b41ae,keychron k4
Keychron K4 V.2 Hotswappable (Key ENG) ⌨ ขนาด 96% - 100 Keys ‼️ คีย์บอร์ดไร้สาย Bluetooth,1706.0,0.0,llu3x7fpjp,,,shopee,https://shopee.co.th/Keychron-K4-V.2-Hotswappable-(Key-ENG)-⌨-ขนาด-96-100-Keys-‼️-คีย์บอร์ดไร้สาย-Bluetooth-i.927648288.22116711610?sp_atk=7a1c22de-ec8a-4560-ae82-66c761386eb9&xptdk=7a1c22de-ec8a-4560-ae82-66c761386eb9,keychron k4
Keychron K4 V.2 Aluminum RGB Backlight Hot-swappable Dark Grey (TH),4390.0,0.0,pezlato,Keychron,,shopee,https://shopee.co.th/Keychron-K4-V.2-Aluminum-RGB-Backlight-Hot-swappable-Dark-Grey-(TH)-i.75576809.23119015156?sp_atk=87b96813-5360-40a4-984d-5b58fa8ff330&xptdk=87b96813-5360-40a4-984d-5b58fa8ff330,keychron k4
✶Keychron K4V2 คีย์ครอน K4 คีย์บอร์ดไร้สาย Wireless Hot swappable mechanical keyboard,1555.0,0.0,ynhe0m03uj,,,shopee,https://shopee.co.th/✶Keychron-K4V2-คีย์ครอน-K4-คีย์บอร์ดไร้สาย-Wireless-Hot-swappable-mechanical-keyboard-i.922238572.18869125580?sp_atk=fa5f5221-d077-4769-b17d-9c6021a9c829&xptdk=fa5f5221-d077-4769-b17d-9c6021a9c829,keychron k4
№ஐ✗Keychron K4 V2 คีย์บอร์ด Mechanical ไร้สาย  Keychron K4 Wireless Mechanical Keyboard Keychron Optical,1247.0,,924q5piwn6,,,shopee,https://shopee.co.th/№ஐ✗Keychron-K4-V2-คีย์บอร์ด-Mechanical-ไร้สาย-Keychron-K4-Wireless-Mechanical-Keyboard-Keychron-Optical-i.930327488.22518815496?sp_atk=96e0d717-1e18-4fb5-9665-e09252d26e3d&xptdk=96e0d717-1e18-4fb5-9665-e09252d26e3d,keychron k4
【พร้อมส่งของ】Keychron K4 V2 Wireless Hot swappable mechanical Keyboard คีย์บอร์ดไร้สาย ภาษาไทย แบบไร้สาย - Mode 5 . 1,1669.0,,xvp9i6z8zm,,,shopee,https://shopee.co.th/【พร้อมส่งของ】Keychron-K4-V2-Wireless-Hot-swappable-mechanical-Keyboard-คีย์บอร์ดไร้สาย-ภาษาไทย-แบบไร้สาย-Mode-5-.-1-i.924998541.19470916250?sp_atk=4a8db8ab-8928-4f00-bf8e-e074d15cdb56&xptdk=4a8db8ab-8928-4f00-bf8e-e074d15cdb56,keychron k4
✚✁【พร้อมส่งของ】Keychron K4 V2 Wireless Hot swappable mechanical Keyboard คีย์บอร์ดไร้สาย ภาษาไทย แบบไร้สาย - Mode 5 . 1,1342.0,,v1leh4drb2,,,shopee,https://shopee.co.th/✚✁【พร้อมส่งของ】Keychron-K4-V2-Wireless-Hot-swappable-mechanical-Keyboard-คีย์บอร์ดไร้สาย-ภาษาไทย-แบบไร้สาย-Mode-5-.-1-i.922661591.20169410569?sp_atk=6fd83dda-4995-425e-b1c5-ee99e272ec4c&xptdk=6fd83dda-4995-425e-b1c5-ee99e272ec4c,keychron k4
[ของแท้ 100%] Keychron K4 แป้นพิมพ์ไร้สาย (เวอร์ชั่น 2) Rgb 100 คีย์อุปกรณ์เสริม 3 อุปกรณ์ Via Abs - สีขาว / Rgb,1650.0,,lhdwmt0g2i,,,shopee,https://shopee.co.th/-ของแท้-100-Keychron-K4-แป้นพิมพ์ไร้สาย-(เวอร์ชั่น-2)-Rgb-100-คีย์อุปกรณ์เสริม-3-อุปกรณ์-Via-Abs-สีขาว-Rgb-i.927058711.22515830481?sp_atk=2facc0c3-d460-4bad-a101-c8029d562588&xptdk=2facc0c3-d460-4bad-a101-c8029d562588,keychron k4
Keychron K4 V2 คีย์บอร์ด Mechanical ไร้สาย  Keychron K4 Wireless Mechanical Keyboard Keychron Optical,1429.0,,aqt9nnev49,,,shopee,https://shopee.co.th/Keychron-K4-V2-คีย์บอร์ด-Mechanical-ไร้สาย-Keychron-K4-Wireless-Mechanical-Keyboard-Keychron-Optical-i.931337968.22316922392?sp_atk=b200b624-5862-4b1b-a361-39db1da0c117&xptdk=b200b624-5862-4b1b-a361-39db1da0c117,keychron k4
[ประกันไทย] [in stock] Keychron K4 V2 คีย์บอร์ด สินค้าถ่ายจากงานจริง % คีย์บอร์ดบลูทูธ แบบไร้สาย - Mode 5 . 1 คีย์ภาษาไ,1550.0,0.0,aqt9nnev49,,,shopee,https://shopee.co.th/-ประกันไทย-in-stock-Keychron-K4-V2-คีย์บอร์ด-สินค้าถ่ายจากงานจริง-คีย์บอร์ดบลูทูธ-แบบไร้สาย-Mode-5-.-1-คีย์ภาษาไ-i.931337968.22816924047?sp_atk=cc6685a7-407d-4c80-82c9-325ddc5f2883&xptdk=cc6685a7-407d-4c80-82c9-325ddc5f2883,keychron k4
【พร้อมส่งของ】Keychron K4 V2 Wireless Hot swappable mechanical Keyboard คีย์บอร์ดไร้สาย ภาษาไทย แบบไร้สาย - Mode 5 . 1,1669.0,,wsf512jq3h,,,shopee,https://shopee.co.th/【พร้อมส่งของ】Keychron-K4-V2-Wireless-Hot-swappable-mechanical-Keyboard-คีย์บอร์ดไร้สาย-ภาษาไทย-แบบไร้สาย-Mode-5-.-1-i.927649819.16991845506?sp_atk=7b7f7ba5-2057-4de4-8f22-d4a2962b82b4&xptdk=7b7f7ba5-2057-4de4-8f22-d4a2962b82b4,keychron k4
Keychron K4 V2 คีย์บอร์ด Mechanical ไร้สาย  Keychron K4 Wireless Mechanical Keyboard Keychron Optical,1539.0,,wsf512jq3h,,,shopee,https://shopee.co.th/Keychron-K4-V2-คีย์บอร์ด-Mechanical-ไร้สาย-Keychron-K4-Wireless-Mechanical-Keyboard-Keychron-Optical-i.927649819.22815415543?sp_atk=2ec3b91b-1523-4554-9621-56a14e8ab39b&xptdk=2ec3b91b-1523-4554-9621-56a14e8ab39b,keychron k4
【กระเป๋าเก็บคีย์บอร์ด】【Keyboard storage bag】ที่ใช้งานได้ Keychron K1 / K2 K4 K6 K8 แป้นพิมพ์เชิงกลการป้องกันการจัดเก็บกร,794.0,0.0,h35id0za77,,,shopee,https://shopee.co.th/【กระเป๋าเก็บคีย์บอร์ด】【Keyboard-storage-bag】ที่ใช้งานได้-Keychron-K1-K2-K4-K6-K8-แป้นพิมพ์เชิงกลการป้องกันการจัดเก็บกร-i.912630679.19968227684?sp_atk=43292f22-94bb-47b9-98e5-44bd4ddd4a6c&xptdk=43292f22-94bb-47b9-98e5-44bd4ddd4a6c,keychron k4
♗✈เคสแป้นพิมพ์ ฝาครอบป้องกันถุงเก็บ for keychron K2 K3 K4 K6 K8 C1 C2 K12 K10 Q1 กระเป๋า carrying case Travel storage ba,499.0,0.0,rcql1w7xsl,,,shopee,https://shopee.co.th/♗✈เคสแป้นพิมพ์-ฝาครอบป้องกันถุงเก็บ-for-keychron-K2-K3-K4-K6-K8-C1-C2-K12-K10-Q1-กระเป๋า-carrying-case-Travel-storage-ba-i.914631281.21867907406?sp_atk=cc576ebb-6dee-4e21-a943-787b7950e338&xptdk=cc576ebb-6dee-4e21-a943-787b7950e338,keychron k4
【กระเป๋าเก็บคีย์บอร์ด】【Keyboard storage bag】ที่ใช้งานได้ Keychron K1 / K2 K4 K6 K8 แป้นพิมพ์เชิงกลการป้องกันการจัดเก็บกร,813.0,,u502a7xf0c,,,shopee,https://shopee.co.th/【กระเป๋าเก็บคีย์บอร์ด】【Keyboard-storage-bag】ที่ใช้งานได้-Keychron-K1-K2-K4-K6-K8-แป้นพิมพ์เชิงกลการป้องกันการจัดเก็บกร-i.932395057.20470711829?sp_atk=bf6daf80-6d5e-47a4-93f9-32cd0e811043&xptdk=bf6daf80-6d5e-47a4-93f9-32cd0e811043,keychron k4
【กระเป๋าเก็บคีย์บอร์ด】【Keyboard storage bag】ที่ใช้งานได้ Keychron K1 / K2 K4 K6 K8 แป้นพิมพ์เชิงกลการป้องกันการจัดเก็บกร,835.0,0.0,shme6nby33,,,shopee,https://shopee.co.th/【กระเป๋าเก็บคีย์บอร์ด】【Keyboard-storage-bag】ที่ใช้งานได้-Keychron-K1-K2-K4-K6-K8-แป้นพิมพ์เชิงกลการป้องกันการจัดเก็บกร-i.877927612.23812838657?sp_atk=330a2df4-2d5f-45fa-aec1-7ced01427ef7&xptdk=330a2df4-2d5f-45fa-aec1-7ced01427ef7,keychron k4
[ประกันไทย] [in stock] Keychron K4 V2 คีย์บอร์ด สินค้าถ่ายจากงานจริง % คีย์บอร์ดบลูทูธ แบบไร้สาย - Mode 5 . 1 คีย์ภาษาไ,1323.0,0.0,shme6nby33,,,shopee,https://shopee.co.th/-ประกันไทย-in-stock-Keychron-K4-V2-คีย์บอร์ด-สินค้าถ่ายจากงานจริง-คีย์บอร์ดบลูทูธ-แบบไร้สาย-Mode-5-.-1-คีย์ภาษาไ-i.877927612.18669268330?sp_atk=d916cf47-502a-4ac8-91ee-9ac919ade52c&xptdk=d916cf47-502a-4ac8-91ee-9ac919ade52c,keychron k4
☃◎◙Keychron K4 V2 คีย์บอร์ด Mechanical ไร้สาย  Keychron K4 Wireless Mechanical Keyboard Keychron Optical,1249.0,,v1leh4drb2,,,shopee,https://shopee.co.th/☃◎◙Keychron-K4-V2-คีย์บอร์ด-Mechanical-ไร้สาย-Keychron-K4-Wireless-Mechanical-Keyboard-Keychron-Optical-i.922661591.21169408290?sp_atk=9bc41ae3-fca7-4b45-b078-2a2406bf68c6&xptdk=9bc41ae3-fca7-4b45-b078-2a2406bf68c6,keychron k4
【พร้อมส่งของ】Keychron K4 V2 Wireless Hot swappable mechanical Keyboard คีย์บอร์ดไร้สาย ภาษาไทย แบบไร้สาย - Mode 5 . 1,1550.0,,cka810d3ao,,,shopee,https://shopee.co.th/【พร้อมส่งของ】Keychron-K4-V2-Wireless-Hot-swappable-mechanical-Keyboard-คีย์บอร์ดไร้สาย-ภาษาไทย-แบบไร้สาย-Mode-5-.-1-i.925506196.21370316439?sp_atk=fba603f1-a035-4af3-9d5d-90c23a5c238b&xptdk=fba603f1-a035-4af3-9d5d-90c23a5c238b,keychron k4
♠☜✙[ของแท้ 100%] Keychron K4 แป้นพิมพ์ไร้สาย (เวอร์ชั่น 2) Rgb 100 คีย์อุปกรณ์เสริม 3 อุปกรณ์ Via Abs - สีขาว / Rgb,1340.0,0.0,0bvvfwerye,,,shopee,https://shopee.co.th/♠☜✙-ของแท้-100-Keychron-K4-แป้นพิมพ์ไร้สาย-(เวอร์ชั่น-2)-Rgb-100-คีย์อุปกรณ์เสริม-3-อุปกรณ์-Via-Abs-สีขาว-Rgb-i.920608388.18969054954?sp_atk=876cceac-2497-41dc-9273-b47dd78e900a&xptdk=876cceac-2497-41dc-9273-b47dd78e900a,keychron k4
"d - s แผ่นรองข้อมือสําหรับคีย์บอร์ด/Keychron keyboard wooden hand rest, suitable for K2/K6, K4, K8 wrist rest, high-quality walnut",194.0,,discountstore.th,,,shopee,https://shopee.co.th/d-s-แผ่นรองข้อมือสําหรับคีย์บอร์ด-Keychron-keyboard-wooden-hand-rest-suitable-for-K2-K6-K4-K8-wrist-rest-high-quality-walnut-i.71761932.1276199622?sp_atk=50334fcd-50c2-4c88-a56f-51a3e6365699&xptdk=50334fcd-50c2-4c88-a56f-51a3e6365699,keychron k4
♠Keychron K4 V2 คีย์บอร์ด Mechanical ไร้สาย  Keychron K4 Wireless Mechanical Keyboard Keychron Optical,1695.0,0.0,j3v6rtuq2o,,,shopee,https://shopee.co.th/♠Keychron-K4-V2-คีย์บอร์ด-Mechanical-ไร้สาย-Keychron-K4-Wireless-Mechanical-Keyboard-Keychron-Optical-i.886218336.21257856632?sp_atk=48820b91-a56b-4292-9696-5ad0b09854fb&xptdk=48820b91-a56b-4292-9696-5ad0b09854fb,keychron k4
▦✓☊Keychron K4V2 คีย์ครอน K4 คีย์บอร์ดไร้สาย Wireless Hot swappable mechanical keyboard,1570.0,0.0,z328257rrs,,,shopee,https://shopee.co.th/▦✓☊Keychron-K4V2-คีย์ครอน-K4-คีย์บอร์ดไร้สาย-Wireless-Hot-swappable-mechanical-keyboard-i.914169348.17491226927?sp_atk=155d7de2-8e4d-4265-b67a-878c7b45c622&xptdk=155d7de2-8e4d-4265-b67a-878c7b45c622,keychron k4
Keychron K4 V2 คีย์บอร์ด Mechanical ไร้สาย  Keychron K4 Wireless Mechanical Keyboard Keychron Optical,1429.0,,4xr4lrbsy9,,,shopee,https://shopee.co.th/Keychron-K4-V2-คีย์บอร์ด-Mechanical-ไร้สาย-Keychron-K4-Wireless-Mechanical-Keyboard-Keychron-Optical-i.934184098.22718826032?sp_atk=883ffb9c-66f2-4685-9015-06689863fb87&xptdk=883ffb9c-66f2-4685-9015-06689863fb87,keychron k4
✁✓☃【พร้อมส่งของ】Keychron K4 V2 Wireless Hot swappable mechanical Keyboard คีย์บอร์ดไร้สาย ภาษาไทย แบบไร้สาย - Mode 5 . 1,1339.0,,5zpu6bf51w,,,shopee,https://shopee.co.th/✁✓☃【พร้อมส่งของ】Keychron-K4-V2-Wireless-Hot-swappable-mechanical-Keyboard-คีย์บอร์ดไร้สาย-ภาษาไทย-แบบไร้สาย-Mode-5-.-1-i.937087850.22719261893?sp_atk=600f311f-f737-4ec4-baff-f6ee3db4912d&xptdk=600f311f-f737-4ec4-baff-f6ee3db4912d,keychron k4
☽【พร้อมส่งของ】Keychron K4 V2 Wireless Hot swappable mechanical Keyboard คีย์บอร์ดไร้สาย ภาษาไทย แบบไร้สาย - Mode 5 . 1,1788.0,,j557nf334f,,,shopee,https://shopee.co.th/☽【พร้อมส่งของ】Keychron-K4-V2-Wireless-Hot-swappable-mechanical-Keyboard-คีย์บอร์ดไร้สาย-ภาษาไทย-แบบไร้สาย-Mode-5-.-1-i.937066971.23719147885?sp_atk=4f706dff-1c0c-4a9c-9fbd-15da26fb5b6e&xptdk=4f706dff-1c0c-4a9c-9fbd-15da26fb5b6e,keychron k4
Keychron Wooden Palmrest for K4 (Solid wooden palm rest) ไม้รองข้อมือ สำหรับคีย์บอร์ดรุ่น K4,758.0,,ky116qpf_a,,,shopee,https://shopee.co.th/Keychron-Wooden-Palmrest-for-K4-(Solid-wooden-palm-rest)-ไม้รองข้อมือ-สำหรับคีย์บอร์ดรุ่น-K4-i.937630861.18071460233?sp_atk=dd25d3ec-5188-4500-88f0-d56336898cb3&xptdk=dd25d3ec-5188-4500-88f0-d56336898cb3,keychron k4
【พร้อมส่งของ】Keychron K4 V2 Wireless Hot swappable mechanical Keyboard คีย์บอร์ดไร้สาย ภาษาไทย แบบไร้สาย - Mode 5 . 1,1550.0,0.0,gzojbm6kkj,,,shopee,https://shopee.co.th/【พร้อมส่งของ】Keychron-K4-V2-Wireless-Hot-swappable-mechanical-Keyboard-คีย์บอร์ดไร้สาย-ภาษาไทย-แบบไร้สาย-Mode-5-.-1-i.934183933.23918824196?sp_atk=23a0850c-8ed4-4b62-98cc-d22c2b3e8611&xptdk=23a0850c-8ed4-4b62-98cc-d22c2b3e8611,keychron k4
✘เคสแป้นพิมพ์ ฝาครอบป้องกันถุงเก็บ for keychron K2 K3 K4 K6 K8 C1 C2 K12 K10 Q1 กระเป๋า carrying case Travel storage bag,468.0,,u3o4hncove,,,shopee,https://shopee.co.th/✘เคสแป้นพิมพ์-ฝาครอบป้องกันถุงเก็บ-for-keychron-K2-K3-K4-K6-K8-C1-C2-K12-K10-Q1-กระเป๋า-carrying-case-Travel-storage-bag-i.930310899.22018824030?sp_atk=2a22087d-bc5d-4707-a537-5fa751e89204&xptdk=2a22087d-bc5d-4707-a537-5fa751e89204,keychron k4
﹍Keychron K4 V2 คีย์บอร์ด Mechanical ไร้สาย  Keychron K4 Wireless Mechanical Keyboard Keychron Optical,1243.0,,rmue3_4k9s,,,shopee,https://shopee.co.th/﹍Keychron-K4-V2-คีย์บอร์ด-Mechanical-ไร้สาย-Keychron-K4-Wireless-Mechanical-Keyboard-Keychron-Optical-i.927780596.22918358606?sp_atk=094edb94-4747-4729-a953-6f198b3a157a&xptdk=094edb94-4747-4729-a953-6f198b3a157a,keychron k4
⊕∋Keychron K4 V2 คีย์บอร์ด Mechanical ไร้สาย  Keychron K4 Wireless Mechanical Keyboard Keychron Optical,1649.0,,qcgulab0aw,,,shopee,https://shopee.co.th/⊕∋Keychron-K4-V2-คีย์บอร์ด-Mechanical-ไร้สาย-Keychron-K4-Wireless-Mechanical-Keyboard-Keychron-Optical-i.937072281.10598906272?sp_atk=35b3111e-cee0-4274-92b5-3b73634baa56&xptdk=35b3111e-cee0-4274-92b5-3b73634baa56,keychron k4
【พร้อมส่งของ】Keychron K4 V2 Wireless Hot swappable mechanical Keyboard คีย์บอร์ดไร้สาย ภาษาไทย แบบไร้สาย - Mode 5 . 1,1669.0,0.0,hyhttubiav,,,shopee,https://shopee.co.th/【พร้อมส่งของ】Keychron-K4-V2-Wireless-Hot-swappable-mechanical-Keyboard-คีย์บอร์ดไร้สาย-ภาษาไทย-แบบไร้สาย-Mode-5-.-1-i.930197911.22617744671?sp_atk=a8beea12-0ab6-490f-b166-99db833b13b8&xptdk=a8beea12-0ab6-490f-b166-99db833b13b8,keychron k4
Psy RGB 143 keycaps white pudding double skin milk backlit keycap keychron K4 K6 K8 J4NN,1739.0,,f16k8te1p6,,,shopee,https://shopee.co.th/Psy-RGB-143-keycaps-white-pudding-double-skin-milk-backlit-keycap-keychron-K4-K6-K8-J4NN-i.935282167.17392170120?sp_atk=b98cbee8-77b5-4048-aa15-06a8ff14baca&xptdk=b98cbee8-77b5-4048-aa15-06a8ff14baca,keychron k4
【พร้อมส่งของ】Keychron K4 V2 Wireless Hot swappable mechanical Keyboard คีย์บอร์ดไร้สาย ภาษาไทย แบบไร้สาย - Mode 5 . 1,1610.0,,i1addv8ptw,,,shopee,https://shopee.co.th/【พร้อมส่งของ】Keychron-K4-V2-Wireless-Hot-swappable-mechanical-Keyboard-คีย์บอร์ดไร้สาย-ภาษาไทย-แบบไร้สาย-Mode-5-.-1-i.930688712.23818087419?sp_atk=f3eb05da-d035-468a-8287-c1f2c111bb4d&xptdk=f3eb05da-d035-468a-8287-c1f2c111bb4d,keychron k4
5d7 Keychron Q1/Q3/K1/K2/K3/K4/K6/K7/K8/K12 keyboard bag zaa,1178.0,,zaa9dbp5d7,,,shopee,https://shopee.co.th/5d7-Keychron-Q1-Q3-K1-K2-K3-K4-K6-K7-K8-K12-keyboard-bag-zaa-i.924944607.23213545222?sp_atk=78c9ada0-b3d5-46f4-8a91-1eacc01f3253&xptdk=78c9ada0-b3d5-46f4-8a91-1eacc01f3253,keychron k4
Keychron K4V2 คีย์ครอน K4 คีย์บอร์ดไร้สาย Wireless Hot swappable mechanical keyboard,1534.0,0.0,fppt4kf1xd,,,shopee,https://shopee.co.th/Keychron-K4V2-คีย์ครอน-K4-คีย์บอร์ดไร้สาย-Wireless-Hot-swappable-mechanical-keyboard-i.877915896.18269269852?sp_atk=c8634555-7033-49ac-b31b-97fcf93a7c5e&xptdk=c8634555-7033-49ac-b31b-97fcf93a7c5e,keychron k4
Keychron K4 V2 คีย์บอร์ด Mechanical ไร้สาย  Keychron K4 Wireless Mechanical Keyboard Keychron Optical,1213.0,0.0,z_e_y_tamr,,,shopee,https://shopee.co.th/Keychron-K4-V2-คีย์บอร์ด-Mechanical-ไร้สาย-Keychron-K4-Wireless-Mechanical-Keyboard-Keychron-Optical-i.913927655.23611039930?sp_atk=c5159478-4b6f-4397-ab40-f6262077cd1c&xptdk=c5159478-4b6f-4397-ab40-f6262077cd1c,keychron k4
[ประกันไทย] [in stock] Keychron K4 V2 คีย์บอร์ด สินค้าถ่ายจากงานจริง % คีย์บอร์ดบลูทูธ แบบไร้สาย - Mode 5 . 1 คีย์ภาษาไ,1580.0,0.0,11744qpthk,,,shopee,https://shopee.co.th/-ประกันไทย-in-stock-Keychron-K4-V2-คีย์บอร์ด-สินค้าถ่ายจากงานจริง-คีย์บอร์ดบลูทูธ-แบบไร้สาย-Mode-5-.-1-คีย์ภาษาไ-i.927117342.19370498531?sp_atk=3998f330-4f9c-4cf6-9bfe-3f135440d2cb&xptdk=3998f330-4f9c-4cf6-9bfe-3f135440d2cb,keychron k4
Foam Plate (Mute Foam) for Keychron K2 K4 K6 K 8 and other Mechanical Keyboard by L+M Keyboard,275.0,,lmkeyboard,,,shopee,https://shopee.co.th/Foam-Plate-(Mute-Foam)-for-Keychron-K2-K4-K6-K-8-and-other-Mechanical-Keyboard-by-L-M-Keyboard-i.52688154.4490936658?sp_atk=740ab2df-8b92-46d1-b34e-ce2c747ac32c&xptdk=740ab2df-8b92-46d1-b34e-ce2c747ac32c,keychron k4
ประกันไทย [in stock] Keychron K4 V2 คีย์บอร์ด สินค้าถ่ายจากงานจริง % คีย์บอร์ดบลูทูธ แบบไร้สาย - Mode 5 . 1 คีย์ภาษาไ,1282.0,0.0,hzac0vnqgh,,,shopee,https://shopee.co.th/ประกันไทย-in-stock-Keychron-K4-V2-คีย์บอร์ด-สินค้าถ่ายจากงานจริง-คีย์บอร์ดบลูทูธ-แบบไร้สาย-Mode-5-.-1-คีย์ภาษาไ-i.887912062.21461001426?sp_atk=98e9d17a-2b88-4873-ac88-9b00c5219a58&xptdk=98e9d17a-2b88-4873-ac88-9b00c5219a58,keychron k4
Keychron K4 hotswap (Key ENG) Mechanical Keyboard คีย์บอร์ดไร้สาย Wireless แท้100% ถูกสุดในโลก,1715.0,0.0,pgvksys02i,,,shopee,https://shopee.co.th/Keychron-K4-hotswap-(Key-ENG)-Mechanical-Keyboard-คีย์บอร์ดไร้สาย-Wireless-แท้100-ถูกสุดในโลก-i.926989902.18369880419?sp_atk=30304ffd-2770-4265-b0a4-543438de439a&xptdk=30304ffd-2770-4265-b0a4-543438de439a,keychron k4
﹍【กระเป๋าเก็บคีย์บอร์ด】【Keyboard storage bag】ที่ใช้งานได้ Keychron K1 / K2 K4 K6 K8 แป้นพิมพ์เชิงกลการป้องกันการจัดเก็บก,624.0,,phirisa.20,,,shopee,https://shopee.co.th/﹍【กระเป๋าเก็บคีย์บอร์ด】【Keyboard-storage-bag】ที่ใช้งานได้-Keychron-K1-K2-K4-K6-K8-แป้นพิมพ์เชิงกลการป้องกันการจัดเก็บก-i.533332122.12929217023?sp_atk=27fede94-3c8a-408d-a4eb-4476b3a37f1b&xptdk=27fede94-3c8a-408d-a4eb-4476b3a37f1b,keychron k4
Keychron คีย์บอร์ดไร้สาย รุ่น K4 V.2 Wireless Hotswap Mechanical Keyboard TH,2010.0,0.0,adkk22ubfo,,,shopee,https://shopee.co.th/Keychron-คีย์บอร์ดไร้สาย-รุ่น-K4-V.2-Wireless-Hotswap-Mechanical-Keyboard-TH-i.872898193.20850886059?sp_atk=d7871b02-c079-4e7b-ac64-ce4959e9e4f6&xptdk=d7871b02-c079-4e7b-ac64-ce4959e9e4f6,keychron k4
Keychron K4 V2 คีย์บอร์ด Mechanical ไร้สาย  Keychron K4 Wireless Mechanical Keyboard Keychron Optical,1601.0,,aeh_zmeu6u,,,shopee,https://shopee.co.th/Keychron-K4-V2-คีย์บอร์ด-Mechanical-ไร้สาย-Keychron-K4-Wireless-Mechanical-Keyboard-Keychron-Optical-i.866564830.19948259151?sp_atk=0f20b646-8511-4a98-b470-58eb7dbe64db&xptdk=0f20b646-8511-4a98-b470-58eb7dbe64db,keychron k4
Keychron K4 V2 คีย์บอร์ด Mechanical ไร้สาย  Keychron K4 Wireless Mechanical Keyboard Keychron Optical,1258.0,,rxxbnh2kgo,,,shopee,https://shopee.co.th/Keychron-K4-V2-คีย์บอร์ด-Mechanical-ไร้สาย-Keychron-K4-Wireless-Mechanical-Keyboard-Keychron-Optical-i.878337081.18553614627?sp_atk=871946eb-10ad-4fa1-9217-5966d873d117&xptdk=871946eb-10ad-4fa1-9217-5966d873d117,keychron k4
Keychron K4 V2 คีย์บอร์ด Mechanical ไร้สาย  Keychron K4 Wireless Mechanical Keyboard Keychron Optical,1503.0,,kviowni_9v,,,shopee,https://shopee.co.th/Keychron-K4-V2-คีย์บอร์ด-Mechanical-ไร้สาย-Keychron-K4-Wireless-Mechanical-Keyboard-Keychron-Optical-i.916497069.22710038921?sp_atk=9607d792-c903-4541-8645-91652528ed35&xptdk=9607d792-c903-4541-8645-91652528ed35,keychron k4
Keychron K4 V.2 Hotswappable (Key ENG) ⌨ ขนาด 96% - 100 Keys ‼️ คีย์บอร์ดไร้สาย Bluetooth,2495.0,,2d5s37vgex,,,shopee,https://shopee.co.th/Keychron-K4-V.2-Hotswappable-(Key-ENG)-⌨-ขนาด-96-100-Keys-‼️-คีย์บอร์ดไร้สาย-Bluetooth-i.862388231.20844928576?sp_atk=80c50831-8659-41d0-baa8-58c0fa97a7f9&xptdk=80c50831-8659-41d0-baa8-58c0fa97a7f9,keychron k4
ประกันไทย [in stock] Keychron K4 V2 คีย์บอร์ด สินค้าถ่ายจากงานจริง % คีย์บอร์ดบลูทูธ แบบไร้สาย - Mode 5 . 1 คีย์ภาษาไ,1415.0,0.0,2vsdqmvdh2,,,shopee,https://shopee.co.th/ประกันไทย-in-stock-Keychron-K4-V2-คีย์บอร์ด-สินค้าถ่ายจากงานจริง-คีย์บอร์ดบลูทูธ-แบบไร้สาย-Mode-5-.-1-คีย์ภาษาไ-i.927001386.23814558103?sp_atk=5dc034e4-eefb-481f-be93-816daf4c8edf&xptdk=5dc034e4-eefb-481f-be93-816daf4c8edf,keychron k4
【พร้อมส่งของ】Keychron K4 V2 Wireless Hot swappable mechanical Keyboard คีย์บอร์ดไร้สาย ภาษาไทย แบบไร้สาย - Mode 5 . 1,1367.0,,2vsdqmvdh2,,,shopee,https://shopee.co.th/【พร้อมส่งของ】Keychron-K4-V2-Wireless-Hot-swappable-mechanical-Keyboard-คีย์บอร์ดไร้สาย-ภาษาไทย-แบบไร้สาย-Mode-5-.-1-i.927001386.23014585536?sp_atk=0c6d795a-b539-4657-ae00-3cd5d198308c&xptdk=0c6d795a-b539-4657-ae00-3cd5d198308c,keychron k4
Keychron K4 V2 คีย์บอร์ด Mechanical ไร้สาย  Keychron K4 Wireless Mechanical Keyboard Keychron Optical,1227.0,0.0,8nvhcknapt,,,shopee,https://shopee.co.th/Keychron-K4-V2-คีย์บอร์ด-Mechanical-ไร้สาย-Keychron-K4-Wireless-Mechanical-Keyboard-Keychron-Optical-i.916415552.23911946241?sp_atk=92dcb687-0c32-4c65-9c11-638c66ae447a&xptdk=92dcb687-0c32-4c65-9c11-638c66ae447a,keychron k4
ประกันไทย [in stock] Keychron K4 V2 คีย์บอร์ด สินค้าถ่ายจากงานจริง % คีย์บอร์ดบลูทูธ แบบไร้สาย - Mode 5 . 1 คีย์ภาษาไ,1778.0,0.0,pru83n43lp,,,shopee,https://shopee.co.th/ประกันไทย-in-stock-Keychron-K4-V2-คีย์บอร์ด-สินค้าถ่ายจากงานจริง-คีย์บอร์ดบลูทูธ-แบบไร้สาย-Mode-5-.-1-คีย์ภาษาไ-i.868266941.18048650793?sp_atk=acf1a8aa-8830-474d-be68-73dc6dc9ce88&xptdk=acf1a8aa-8830-474d-be68-73dc6dc9ce88,keychron k4
ประกันไทย [in stock] Keychron K4 V2 คีย์บอร์ด สินค้าถ่ายจากงานจริง % คีย์บอร์ดบลูทูธ แบบไร้สาย - Mode 5 . 1 คีย์ภาษาไ,1431.0,,uxiz3v46xm,,,shopee,https://shopee.co.th/ประกันไทย-in-stock-Keychron-K4-V2-คีย์บอร์ด-สินค้าถ่ายจากงานจริง-คีย์บอร์ดบลูทูธ-แบบไร้สาย-Mode-5-.-1-คีย์ภาษาไ-i.892455244.21463271799?sp_atk=aaf918f5-8909-47b0-8905-108b3d59b953&xptdk=aaf918f5-8909-47b0-8905-108b3d59b953,keychron k4
Keychron K4 V2 คีย์บอร์ด Mechanical ไร้สาย  Keychron K4 Wireless Mechanical Keyboard Keychron Optical,1475.0,,6n2h982nta,,,shopee,https://shopee.co.th/Keychron-K4-V2-คีย์บอร์ด-Mechanical-ไร้สาย-Keychron-K4-Wireless-Mechanical-Keyboard-Keychron-Optical-i.918223597.18668239992?sp_atk=8cc3e0e7-e0e7-43f9-8e2e-08eb9927f888&xptdk=8cc3e0e7-e0e7-43f9-8e2e-08eb9927f888,keychron k4
ประกันไทย [in stock] Keychron K4 V2 คีย์บอร์ด สินค้าถ่ายจากงานจริง % คีย์บอร์ดบลูทูธ แบบไร้สาย - Mode 5 . 1 คีย์ภาษาไ,1737.0,,kun7s_dya_,,,shopee,https://shopee.co.th/ประกันไทย-in-stock-Keychron-K4-V2-คีย์บอร์ด-สินค้าถ่ายจากงานจริง-คีย์บอร์ดบลูทูธ-แบบไร้สาย-Mode-5-.-1-คีย์ภาษาไ-i.866506400.19347873326?sp_atk=a5630feb-4599-42cf-8d02-866de5479326&xptdk=a5630feb-4599-42cf-8d02-866de5479326,keychron k4
Keychron K4 V.2 Wireless Hot swappable mechanical Keyboard คีย์บอร์ดไร้สาย ภาษาไทย,2078.0,,hbz8xt2arv,,,shopee,https://shopee.co.th/Keychron-K4-V.2-Wireless-Hot-swappable-mechanical-Keyboard-คีย์บอร์ดไร้สาย-ภาษาไทย-i.877843996.15493755545?sp_atk=a3417ba8-8816-4d3b-bb72-531cafe3f726&xptdk=a3417ba8-8816-4d3b-bb72-531cafe3f726,keychron k4
✥❧♈เคสแป้นพิมพ์ ฝาครอบป้องกันถุงเก็บ for keychron K2 K3 K4 K6 K8 C1 C2 K12 K10 Q1 กระเป๋า carrying case Travel storage b,478.0,,rbeqqqtnx3,,,shopee,https://shopee.co.th/✥❧♈เคสแป้นพิมพ์-ฝาครอบป้องกันถุงเก็บ-for-keychron-K2-K3-K4-K6-K8-C1-C2-K12-K10-Q1-กระเป๋า-carrying-case-Travel-storage-b-i.909755349.20166492512?sp_atk=7a996dc5-66e0-44aa-8f36-3a7b671a1121&xptdk=7a996dc5-66e0-44aa-8f36-3a7b671a1121,keychron k4
Keychron K4 V2 คีย์บอร์ด Mechanical ไร้สาย  Keychron K4 Wireless Mechanical Keyboard Keychron Optical,1503.0,,vjq9qx_4cz,,,shopee,https://shopee.co.th/Keychron-K4-V2-คีย์บอร์ด-Mechanical-ไร้สาย-Keychron-K4-Wireless-Mechanical-Keyboard-Keychron-Optical-i.909826785.19366147229?sp_atk=1d6dde47-f31a-4903-a1c6-ac0daa65a767&xptdk=1d6dde47-f31a-4903-a1c6-ac0daa65a767,keychron k4
Keychron K4 V2 คีย์บอร์ด Mechanical ไร้สาย  Keychron K4 Wireless Mechanical Keyboard Keychron Optical,1566.0,0.0,quzx01ez76,,,shopee,https://shopee.co.th/Keychron-K4-V2-คีย์บอร์ด-Mechanical-ไร้สาย-Keychron-K4-Wireless-Mechanical-Keyboard-Keychron-Optical-i.870249994.16787219907?sp_atk=dad2467a-a497-428a-ae7b-6130c623e67f&xptdk=dad2467a-a497-428a-ae7b-6130c623e67f,keychron k4
☼✶Keychron K4V2 คีย์ครอน K4 คีย์บอร์ดไร้สาย Wireless Hot swappable mechanical keyboard,1555.0,,05nq8bnw5t,,,shopee,https://shopee.co.th/☼✶Keychron-K4V2-คีย์ครอน-K4-คีย์บอร์ดไร้สาย-Wireless-Hot-swappable-mechanical-keyboard-i.914103001.19967887917?sp_atk=ec6149ba-3424-4a8a-ae93-6ddcff6a1366&xptdk=ec6149ba-3424-4a8a-ae93-6ddcff6a1366,keychron k4
❣✘[ประกันไทย] [in stock] Keychron K4 V2 คีย์บอร์ด สินค้าถ่ายจากงานจริง % คีย์บอร์ดบลูทูธ แบบไร้สาย - Mode 5 . 1 คีย์ภาษา,1352.0,,zd4rykw42u,,,shopee,https://shopee.co.th/❣✘-ประกันไทย-in-stock-Keychron-K4-V2-คีย์บอร์ด-สินค้าถ่ายจากงานจริง-คีย์บอร์ดบลูทูธ-แบบไร้สาย-Mode-5-.-1-คีย์ภาษา-i.914635312.18267903267?sp_atk=7f35614a-7b63-4229-99ef-ab668b712623&xptdk=7f35614a-7b63-4229-99ef-ab668b712623,keychron k4
❣Keychron K4 V2 คีย์บอร์ด Mechanical ไร้สาย  Keychron K4 Wireless Mechanical Keyboard Keychron Optical,1252.0,,7mrctnc76n,,,shopee,https://shopee.co.th/❣Keychron-K4-V2-คีย์บอร์ด-Mechanical-ไร้สาย-Keychron-K4-Wireless-Mechanical-Keyboard-Keychron-Optical-i.914637497.20767900645?sp_atk=1b80b481-4dce-4590-b1dc-6bb3f09571e7&xptdk=1b80b481-4dce-4590-b1dc-6bb3f09571e7,keychron k4
"Keychron Wooden Palm rest ของแท้ 100% ที่รองข้อมือแป้นพิมพ์ แบบไม้ สำหรับ K2,K6,K3,K4,K8,K10,K7,C1,C2",669.0,,0812345142shop,,,shopee,https://shopee.co.th/Keychron-Wooden-Palm-rest-ของแท้-100-ที่รองข้อมือแป้นพิมพ์-แบบไม้-สำหรับ-K2-K6-K3-K4-K8-K10-K7-C1-C2-i.16128653.2995602092?sp_atk=1b2a4d96-0348-4b38-a9a0-a2bd00b391f4&xptdk=1b2a4d96-0348-4b38-a9a0-a2bd00b391f4,keychron k4
【ของแท้ใหม่】in stockแ Keychron K4 V2พร้อมส่งของแท้％ คีย์บอร์ดบลูทูธ แบบไร้สาย - Mode 5 . 1,1310.0,0.0,sa5ywz9in6,,,shopee,https://shopee.co.th/【ของแท้ใหม่】in-stockแ-Keychron-K4-V2พร้อมส่งของแท้％-คีย์บอร์ดบลูทูธ-แบบไร้สาย-Mode-5-.-1-i.885554783.19958749694?sp_atk=d5f530d1-8433-4b64-bcb5-2c26aee91f1f&xptdk=d5f530d1-8433-4b64-bcb5-2c26aee91f1f,keychron k4
